Date of Article,Company / Person,Followers,text,PTR Sentiment,Flair Sentiment,Flair Score
11/26/2024,TSMC,"628,491 followers","At TSMC, we are privileged to have a diverse pool of talented employees who willingly serve as internal trainers and play a vital role in supporting talent development. Our ""Internal Trainer Program"" is designed to enhance our employees‚Äô teaching capabilities, and the ""TSMC Excellent Trainer Award"" honors those who excel in disseminating their knowledge. Last year, over 4,000 internal trainers educated 460,000 participants, enabling TSMCers to unlock their potential and foster collective growth. Click to learn more!",0.525,POSITIVE,0.9986
11/26/2024,TSMC,"628,491 followers","TSMC Arizona is paving new pathways into the semiconductor industry by expanding its Registered Semiconductor Technician Apprenticeship program, creating fresh job opportunities for Arizonans. Announced during National Apprenticeship Week, TSMC Arizona President Rose Castaneres unveiled this workforce initiative alongside Arizona Governor Katie Hobbs and Phoenix Mayor Kate Gallego. The event also celebrated the first cohort of Facilities Technician Apprentices, who are now eight months into their program.  TSMC Arizona was also joined by education leaders to announce these new programs: - Equipment Technician Apprenticeships, supported with in-classroom learning at(part of). - Process Technician Apprenticeships, supported with curriculum throughand. - An Intensive Program for Manufacturing Specialists, with training offered throughand. - Additional Facilities Technician Apprenticeships, with continued in-classroom learning at Estrella Mountain Community College.  TSMC Arizona is investing more than $5M representing on-the-job training hours and education tuition support for its nearly 130 new apprentice employees. The program is also supported by sponsorship and funding from the City of Phoenix and the.  To learn more about this program, and all open jobs at TSMC Arizona ‚Äì visit:",0.5313,POSITIVE,0.9971
11/26/2024,TSMC,"628,491 followers","Exciting news from TSMC! Our ""Recycled Box Alliance,"" a winner of the TSMC ESG AWARD, launched in 2023, transforms waste plastics into eco-friendly boxes. This initiative reduces disposable cartons, partners with suppliers to build a green supply chain, and creates job opportunities for the underprivileged. It is a win-win for the planet and all parties involved! Click to learn more!",0.5143,POSITIVE,0.9996
11/19/2024,TSMC,"628,491 followers","hashtag #TSMC  hashtag #Arizona is at the forefront of onshoring  hashtag #semiconductor manufacturing, playing a crucial role in boosting national economic competitiveness and ensuring leadership in the 5G/6G and AI era. As the largest foreign direct investment in a greenfield project in the U.S. history, TSMC Arizona is expected to create more than 6,000 high-tech, high-wage jobs while showcasing the most advanced chipmaking technology in the U.S. Furthermore, according to the Greater Phoenix Economic Council, our Arizona facilities will generate more than 20,000 unique construction jobs and tens of thousands of indirect jobs this decade, forming a leading-edge cluster in Arizona.  Entering this phase of the U.S. CHIPS and Science Act marks a pivotal step in strengthening the advanced semiconductor manufacturing ecosystem in the United States. We have made tremendous progress in Arizona and we are grateful to the ongoing collaboration with our customers, partners, local communities and the U.S. government beginning in early 2020.    Learn more about the news:",0.5224,POSITIVE,0.9992
11/19/2024,TSMC,"628,491 followers","In 2023, TSMC initiated the ""Copper-Manganese Alloy Target (CuMn) Recycling Project"" to address the growing need for CuMn targets in advanced semiconductor manufacturing. We've revamped the entire process flow from inspection to final machining through supplier partnerships. Together, we turn old targets into electronic-grade CuMn alloy targets, working toward green manufacturing! Click to learn more!",0.5199,POSITIVE,0.9968
11/12/2024,TSMC,"628,491 followers","In the United States, Veterans Day is not only a time to remember those who have defended our freedoms but also to express our deepest gratitude to the families who support them, the communities who uplift them, and the employers who stand by them. At TSMC Arizona, we recently joined with our construction partners to honor and celebrate our military veteran trade workers on our construction site in Phoenix where they were treated to lunch and dozens of fabulous prizes donated by many of our construction site vendors.  In order to support a diverse and inclusive workforce, we also launched our first Veterans@TSMC employee resource group with veteran employees, and employee allies, representing TSMC Arizona and other North America TSMC sites. The mission of TSMC‚Äôs Veterans Employee Resource Group (VERG) is to foster career growth, community outreach, and personal development. This commitment encompasses veteran recruitment, career development, outward engagement, and retention, ensuring that those who have bravely served continue to thrive and succeed in their professional careers.  To all veterans: Thank you for your , your sacrifice, and your unwavering dedication to safeguarding our homes. We are forever grateful.",0.523,POSITIVE,0.9924
11/12/2024,TSMC,"628,491 followers","At TSMC, we are committed to collaborating with suppliers to foster a sustainable, low-carbon supply chain. Tetra-methyl Ammonium Hydroxide (TMAH), a highly alkaline aqueous solution, is crucial in semiconductor photolithography process. Following the development of Cyclopentanone in 2023, we are now transforming TMAH waste into electronics-grade solutions. This initiative aims to cut new TMAH procurement by 24,000 metric tons and decrease carbon emissions by 2,496 metric tons annually. Click to learn more!",0.5239,POSITIVE,0.9986
11/12/2024,TSMC,"628,491 followers","What an incredible homecoming! Thank you to everyone who joined us at the 2024 TSMC Taiwan OIP Ecosystem Forum in Hsinchu.  The day began with opening remarks from Ray Wan, Director of TSMC Asia Pacific Business, who celebrated another remarkable year of partnership success in Taiwan, particularly in AI chip development and AI-enabled chip design. He emphasized how OIP, through its design enablement, 3Dblox standard, and 3DFabric Alliance, is instrumental in driving computational innovations.  We were honored to have Dr.,'s Head of HBM Process Integration, as our guest keynote speaker. In the era of AI, High-bandwidth Memory (HBM) has become crucial for processing massive data volumes. Dr. Kwon shared SK hynix's exciting HBM roadmap and vision, emphasizing that ""open collaboration is essential for the memory-centric era and ecosystem change."" We want to thank Dr. Kwon once again for his presence and for SK hynix's close collaboration with TSMC.  This collaborative vision was reinforced by TSMC keynote speaker Lie-Szu Juang, Senior Director of Design and Technology Platform. She highlighted how 3DIC represents a fundamental ecosystem shift requiring end-to-end solutions - from IP and design planning to physical design, analysis, and testing - with our ecosystem ready to deliver.  The technical presentations throughout the day covered cutting-edge topics including AI-driven EDA solutions, silicon photonics, and diverse design applications. While attendees absorbed these thought-provoking insights, they enjoyed a taste of Taiwan through our signature bubble tea service.  We're grateful for everyone's enthusiastic participation and hope you found the day as enriching as we did. It's been wonderful to recharge at home before continuing our journey.  Join us at the remaining stops of our 2024 Global OIP Event Tour:  üî∏ China: 11/13 (Wed) at Hyatt Regency Beijing Wangjing üîπ Europe: 11/19 (Tue) at Hilton Amsterdam Airport Schiphol",0.5267,POSITIVE,0.9988
11/26/2024,TSMC,"628,491 followers","After launching our first TSMC Taiwan OIP Ecosystem Forum in Hsinchu last year, it's time for our much-anticipated return on November 6. While our recent stops in Santa Clara and Tokyo have been met with tremendous enthusiasm, nothing compares to bringing this celebration of innovation back to where it all began.  The timing couldn't be better. With TSMC's leadership highlighting that we are just at the start of the AI wave, our OIP ecosystem partners stand at the forefront of enabling these groundbreaking AI innovations while transforming our own industry.  We're honored to welcome Dr.,'s Head of HBM Process Integration, as our guest keynote speaker in Taiwan this year. He'll share fascinating insights into High Bandwidth Memory (HBM) innovations and their crucial role in advancing AI chip technology.  Join us to exchange ideas with the OIP community and be part of this exciting journey shaping our industry's future. This is one homecoming you won't want to miss!  See you tomorrow! ÊòéÂ§©Ë¶ã!",0.5409,POSITIVE,0.9994
11/26/2024,TSMC,"628,491 followers","As we connect with Asia's vibrant design community, we're also gearing up for our next exciting destination - Amsterdam! The TSMC global OIP tour is heading west, and you won't want to miss what's coming.  Date: November 19, 2024 (Tuesday) Time: 9:30a.m. - 5:00p.m. Venue: Hilton Amsterdam Airport Schiphol  Get your travel plans ready! This isn't just another conference ‚Äì it's where Europe's brightest minds in IC design converge to shape the future of technology.  Key Highlights: üî∫ Over 30 leading experts sharing groundbreaking semiconductor innovation technologies üî∫ Insights into next-gen chip design and AI-driven technologies üî∫ Networking with ~30 cutting-edge ecosystem partners  Beyond TSMC's keynote speech and technical presentations, we are honored to welcome distinguished guest speakers from two long-standing collaborators: üîπ, Executive Vice-President of the General-Purpose Microcontrollers Sub-Group at üî∏, Vice President of Automotive System Marketing at  Together with these industry leaders, we'll explore the semiconductor landscape with AI as a transformative catalyst, reaffirming our commitment to open innovation.  This is your last chance to connect, learn, and inspire before the year winds down. Register now:",0.5405,POSITIVE,0.9992
11/26/2024,TSMC,"628,491 followers","Join the TSMC Corporate Planning Associate Program!   When TSMC navigates the global stage, our Corporate Planning Organization (CPO) is the guiding compass, charting the course and overcoming obstacles!  As part of our CPO team, you'll dive into diverse and dynamic tasks, including:  üî∏ Expanding our global footprint and optimizing operational resources  üî∏ Forecasting demand and maximizing capacity utilization  üî∏ Optimizing operational output and ensuring timely delivery  üî∏ Crafting innovative advanced packaging supply chain management solutions  üî∏ Providing in-depth business intelligence to inform strategic decisions  üî∏ Streamlining processes across departments to deliver robust system solutions  Don't miss this unique opportunity to make an impact and grow your career. Apply now:",0.5291,POSITIVE,0.9995
11/26/2024,TSMC,"628,491 followers","""It's just great to have face-to-face technical exchanges with engineers who're tackling design challenges every day!""  What could be more rewarding than receiving feedback like this? The energy and engagement at the secondJapan OIP Forum was simply amazing!  The day opened with an inspiring keynote from Mr. Makoto Onodera, President of TSMC Japan, who highlighted the transformative impact of AI across industries, with special emphasis on the automotive sector, a vital industry to Japan. This theme resonated perfectly with the following presentation by Mr.of, who flew in specially to share insights about their innovative R-Car platform, which addresses a wide range of embedded processing needs for automotive applications and embedded cutting-edge AI for safer and smarter roads. The R-Car platform showcased the remarkable possibilities when semiconductor innovation meets automotive excellence. TSMC is deeply honored to continue our long-term collaboration with Renesas in this space.  Mr., Head of OIP Ecosystem, built on these themes in his keynote, emphasizing the crucial synergy between IP, EDA, and 3DFabric alliances. His presentation illuminated how this collaboration enables greater 3DIC innovation, while highlighting AI's emerging role in optimizing design parameters and enhancing overall productivity.  The power of collaboration was demonstrated at its utmost throughout the day. Partners and customers shared valuable insights through their presentations, showcasing innovative design solutions. Meanwhile, the partner pavilion became a vibrant hub of activity, where direct engineer-to-engineer discussions sparked new ideas and deepened technical understanding. That's exactly why we created this forum and why we'll keep returning to Tokyo and the other stops of our global OIP tour.  Get ready to connect and innovate at our exciting OIP Ecosystem Forums! üîπ Taiwan: 11/6 (Wed) at Sheraton Hsinchu Hotel üî∏ China: 11/13 (Wed) at Hyatt Regency Beijing Wangjing üîπ Europe: 11/19 (Tue) at Hilton Amsterdam Airport Schiphol  We can't wait to see you there! Register Now:",0.5196,POSITIVE,0.9998
11/26/2024,TSMC,"628,491 followers","TSMC is excited to announce our latest ESG programs, ""Discover Your True Calling in ESG"" and ""ESG Parkour""! These programs aim to inspire our employees‚Äô interest in ESG through interactive psychological tests and parkour challenges. With 44,764 global participants and 138,417 parkour experiences, TSMCers are engaging deeply with ESG values. Click to learn more!",0.5078,POSITIVE,0.9976
11/26/2024,TSMC,"628,491 followers","On October 18th, the Global Family@tsmc ERG, in collaboration with TSMC's Diversity, Equity and Inclusion team, hosted a Cross-Cultural Celebration at the TSMC R&D Center. The event brought together over 200 colleagues from across the globe, highlighting the rich tapestry of cultures within TSMC.  International colleagues and dedicated ERG volunteers curated a diverse array of activities, offering a feast for the senses with music, food, sports, art, and storytelling. Each element was thoughtfully designed to showcase the unique beauty of various cultures, fostering an environment of unity and appreciation.  TSMC is deeply committed to nurturing a diverse and inclusive workplace where differences are not just acknowledged but celebrated.",0.5084,POSITIVE,0.9996
11/26/2024,TSMC,"628,491 followers","TSMC is enhancing intellectual property protection with our ""Trade Secret Sustainable Intelligent Management Center,"" launching innovative systems to safeguard trade secrets. In September, the Center debuted at the inaugural ""Trade Secret Intelligent Management Alumni Association"" to foster sustainable innovation and competitive advantage across the sector! Click to learn more!",0.5193,POSITIVE,0.9958
11/26/2024,TSMC,"628,491 followers","At TSMC, we care about preserving traditional Chinese opera. With initiatives like ""Tales from Chinese Opera,"" ""Chinese Opera on Campus,"" and ""TSMC Theater,"" we inspire youth appreciation for the arts and support our cultural heritage thrives. Click to learn more!",0.5027,POSITIVE,0.9961
11/26/2024,TSMC,"628,491 followers","Tomorrow is the day! 2024 TSMC Japan OIP Forum is back for the second year in Tokyo! After September's successful kickoff of the 2024 TSMC global OIP events in North America, we're excited to begin the Asian leg of the tour.  Here in Tokyo, we're ready to explore the intersection between AI, Automotive, and chip design. Start your day with morning coffee overlooking the iconic Tokyo Tower, and leave inspired, with bright ideas that will shine as brilliantly as the winter lights soon to illuminate Tokyo‚Äôs streets.  We can‚Äôt wait to see you at the most important event of the OIP community.",0.5275,POSITIVE,0.9999
11/26/2024,TSMC,"628,491 followers","As AI and HPC demands soar, TSMC is committed to advancing our 3D Silicon Stacking and Advanced Packaging technologies and expanding our capacity to meet customers' growing needs.  Don't miss this exclusive keynote! Our Executive VP and Co-COO Y.P. Chyn will highlight our TSMC 3DFabric¬Æ capacity expansion plan and our total solution for system integration to unleash customers‚Äô innovations for AI.  Swipe to learn more about how we're shaping the future of AI! üëâ",0.5366,POSITIVE,0.9975
11/26/2024,TSMC,"628,491 followers","On October 19th,  hashtag #JASM partnered with JA Kikuchi and Kikuyo Town in  hashtag #Kumamoto Prefecture,  hashtag #Japan, for a heartwarming Rice Harvesting Event. The gathering united JASM employees and their families to support local rice farming and groundwater conservation while nurturing strong bonds.  Building on the success of JASM‚Äôs rice planting event in June, our volunteers enjoyed harvesting the rice under the expert guidance of local farmers. After the harvest, the rice fields will be poured with water during the winter. Kumamoto‚Äôs soil allows the water in the rice fields to easily seep underground to be stored as groundwater. JASM also supports regional efforts by purchasing local rice for its cafeteria. This unique local initiative underscores JASM's dedication to .",0.5092,POSITIVE,0.9978
11/26/2024,TSMC,"628,491 followers","What if asking ""What if?"" could change the world? At TSMC R&D, we're eager to join forces with visionaries like you to create a future fueled by innovation and dreams. Turn your imagination into reality with TSMC R&D. Join TSMC and help redefine what's possible.  üîóU.S. Opportunities: üîóHeadquarters Opportunities:",0.5121,POSITIVE,0.9981
11/26/2024,TSMC,"628,491 followers","TSMC is dedicated to addressing Taiwan's aging population challenges through its Charity Foundation which provides medical care, meal delivery, and transportation for the elderly. Initiatives like the ""Aging Community Care Model"" and ""Smart Fitness Clubs for Seniors"" leverage AI and cross-industry collaboration to enhance elderly health and mobility. Click to learn more!",0.5151,POSITIVE,0.9863
11/26/2024,TSMC,"628,491 followers","At TSMC, we actively cultivate semiconductor talent through our ""DNA Summer Internship Program."" In alignment with TSMC's global expansion strategy, we proudly welcomed a record 813 university juniors this year, including 154 international students. To harness the benefits of diversity, we incorporated cross-cultural activities aimed at unleashing the unique potential of our interns. Looking ahead, TSMC plans to broaden both recruitment efforts and the geographic scope of our internship program to bridge academic knowledge and industry expertise to foster global technological innovation. Click to learn more!",0.531,POSITIVE,0.9992
11/26/2024,TSMC,"628,491 followers","We are on the lookout for talented individuals from Singapore and Malaysia to join our team. Whether you're seeking full-time positions or internships, this is your chance to be part of a pioneering company at the forefront of technology.   Don't miss this opportunity to our upcoming virtual sessions where you can discover incredible opportunities at TSMC. Save the dates: üìÖ November 4 üìÖ November 6 üìÖ November 12   üìåSign up for career talk: üìåFull-time opportunities: üìåInternship:",0.5337,POSITIVE,0.988
11/26/2024,TSMC,"628,491 followers","TSMC enhances the customer experience by launching its FTP Account Service on TSMC-Online‚Ñ¢, reducing FTP account setup time from 3.5 days to 12 seconds. With improved security under the Proprietary Information Protection mechanism, we're enabling faster, safer data transfers. Click to learn more!",0.5213,POSITIVE,0.9987
11/26/2024,TSMC,"628,491 followers","This past Saturday, nearly 4000 TSMC employees and their families, spanning all ages from young children to parents and grandparents, came together for the annual  hashtag #TSMCArizona Family Day. Joining TSMC Arizona CEO Y.L. Wang and President Rose Castanares was TSMC EVP and Co-COO Y.P Chyn. Y.P. took a moment to recognize the incredible progress made by TSMC Arizona‚Äôs employees and extended a heartfelt thank you to all family members for their invaluable support.  Throughout the day, guests were treated to raffle prizes, TSMC trinkets, and a hosted lunch with breakfast treats and food trucks. The office was open for families to tour, and many enjoyed games and interactive stations spread out over five different floors. The most popular activities were the ‚Äúcleanroom experience‚Äù where guests donned cleanroom suits for family photos ‚Äì and also a bus tour of the TSMC Arizona fab campus. It was a fabulous day filled with fun, connection and appreciation, and it was our absolute honor to welcome and celebrate our TSMC Arizona families!",0.512,POSITIVE,0.9973
11/26/2024,TSMC,"628,491 followers","We are thrilled to unveil the last video in our TSMC Arizona series: ""Inside TSMC Arizona: A Glimpse into Our Cutting-Edge Work Environment.""  Explore our state-of-the-art facilities, from our cutting-edge fab to our vibrant canteen, and see what makes TSMC Arizona a fantastic place to work.  üîóU.S. Opportunities: üîóHeadquarters Opportunities:",0.5087,POSITIVE,0.9998
11/19/2024,TSMC,"628,491 followers","We embrace AI, yet the heart of the AI revolution lies in having sufficient transistors. This trend has made advanced packaging and 3D integration essential technological solutions. At TSMC, we're thrilled to offer our integrated AI platform‚Äîa system-level, energy-efficient solution optimized for AI development.  Don't miss this conversation with TSMC's SVP and Deputy Co-COO, Dr. Kevin Zhang. In this podcast episode, he reveals the secrets behind our integrated AI platform and explains why this solution is ideally suited to accelerate AI scaling.  Tune in now for this insightful talk!",0.543,POSITIVE,0.9996
11/19/2024,TSMC,"628,491 followers","TSMC‚Äôs Internship Program offers more than just experience‚Äîit provides mentorship, growth, and a supportive environment. Through our unique buddy system, newcomers are paired with full-time employees who serve as mentors, guiding them through their journey at TSMC. Plus, don‚Äôt miss our campus recruitment this fall! Join us and be part of an innovative and supportive community. TSMC 2024 US Campus Recruitment:",0.5173,POSITIVE,0.9992
11/19/2024,TSMC,"628,491 followers","TSMC is dedicated to fostering Diversity, Equity, and Inclusion (DEI) throughout our supply chain. We've strengthened our partners' capabilities with a comprehensive series of online courses and recently hosted TSMC's first DEI symposium that brought together over 200 suppliers. At this event, we shared our journey in advancing and establishing Employee Resource Groups (ERGs).  We were also joined by esteemed suppliers likeand, who provided valuable insights into their DEI achievements and challenges. Inspired by the collective wisdom shared, one supplier partner noted, ""The scope of DEI is far broader than I had envisioned. Thank you, TSMC, for generously sharing your knowledge. It has been incredibly beneficial.""",0.5119,POSITIVE,0.9964
11/19/2024,TSMC,"628,491 followers","Are you interested in discovering how TSMC addresses Environmental, Social, and Governance (ESG) concerns at a glance? Our 2023 Sustainability Report Highlights and video are now live! Click to learn how TSMC drives positive change one ripple at a time.",0.5165,POSITIVE,0.9971
11/19/2024,TSMC,"628,491 followers","At the intersection of AI and silicon, where openness meets innovation, the TSMC 2024 North America OIP Ecosystem Forum welcomed a record-breaking attendance this week! Together, the ecosystem unveiled the future of chip design and the power of collaboration, with AI as a vital ally.  David Keller, President & CEO of TSMC North America, kicked off the event by drawing a powerful analogy between the Olympic spirit and the OIP forum. Much like the Olympics, the OIP ecosystem thrives on openness, which allows us to reach new heights and push the boundaries of what‚Äôs possible in AI and next-gen chip design. Our mission is clear: to challenge the limits and advance the future of computing.  Our keynote speaker, Dr. LC Lu, TSMC Fellow and Vice President for Design and Technology Platform, highlighted the progress of AI Optimized Design. Dr. Lu also announced a major milestone for the 3Dblox standard. That is, the TSMC 3Dblox committee plans to make the standard publicly available throughto further drive innovation in 3DIC design environments. Again, much like the Olympics, the OIP featured an awards ceremony. During his keynote, Dr. Lu announced the 2024 TSMC OIP Partner of the Year Awards, expressing gratitude to these integral members of our ecosystem. Congratulations once again to,,EDA,,,,,,,,,,,, and IBIDEN for their outstanding contributions!  Guest speaker Dr.fromcaptivated the audience with his talk, ""Sustainable Silicon to Intelligent Clouds: Collaborating on the Future of Computing."" We extend our gratitude to Dr. Ranganathan for his presence and for sharing his vision with us.  We were also privileged to hear from Prof.of, who spoke on ""The Future of Hardware Technologies for Computing,"" marking the first North American university presentation at the forum. Both speakers illustrated a future where continuous semiconductor innovations are crucial for the advancement of computing.  And that's not all! Attendees were treated to deep dives into TSMC 3DFabric, energy-efficient advanced technologies, and AI-powered EDA solutions brought by three TSMC speakers. The day was also packed with 37 technical presentations across three tracks and a vibrant exhibition featuring 47 partner booths.  This successful kickoff of the 2024 OIP Global Tour sets the stage for exciting events to come. Our next stop is Tokyo on October 25th, as we continue to showcase how our shared vision and technological advancements know no borders.",0.5297,POSITIVE,0.9997
11/19/2024,TSMC,"628,491 followers","TSMC focuses on building employee wellness. As the first company in Taiwan to receive ISO 20121 certification for sustainable event management for our Sports Day, this year, we partnered with ERGs like Women@tsmc and Global Family@tsmc to engage 20,924 employees participating in the ""Virtual Walking Challenge."" Together, let‚Äôs cultivate a healthier and more inclusive workplace. Click to learn more!",0.5447,POSITIVE,0.9901
11/19/2024,TSMC,"628,491 followers","Together with our Open Innovation Platform (OIP) partners, we are at the forefront of the 3D IC design ecosystem advancement, accelerating next-generation semiconductor design and fueling AI innovation. Together with our OIP partners, we are utilizing AI and ML to significantly improve 3D IC design productivity and optimize design power, performance, area (PPA), and quality of results (QoR). Together with our OIP partners, we are tackling the multi-physics challenges inherent in 3D IC architectures, enabling chip innovators to achieve precise and optimized designs using the latest TSMC technologies.  The 3Dblox committee is also working with, the world‚Äôs largest technical professional organization, to make the 3Dblox standard publicly available, further boosting advancements in the 3D IC design ecosystem and fostering AI innovation around the world!  Read more from this year‚Äôs event:",0.5292,POSITIVE,0.9991
11/19/2024,TSMC,"628,491 followers","Tomorrow is the day! Join us at the Santa Clara Convention Center for the 2024 TSMC North America OIP Ecosystem Forum, the kickoff event of our global OIP tour.  Don‚Äôt miss this chance to experience the semiconductor revolution firsthand ‚Äî where openness meets innovation and collaboration sparks breakthroughs. Connect with industry leaders, explore cutting-edge AI technologies, and help shape the future of chip design ‚Äî all while vying for exciting prizes!  It‚Äôs the last chance to register for the event and be part of the future:",0.5246,POSITIVE,0.9988
11/19/2024,TSMC,"628,491 followers","As we enter the new AI era, the demand for computing power is soaring. TSMC is dedicated to helping our customers to unleash innovation through our cutting-edge technologies and integrated solutions‚Äîthe driving force behind the AI revolution.  Join us for an exclusive keynote by our Executive VP and Co-COO, Dr. Y.J. Mii. He'll unveil TSMC's advanced technology trends, including our latest-announced TSMC A16‚Ñ¢. Discover how our 3D integration technologies are propelling system-level integration to unprecedented heights in AI development.  Curious about how TSMC is shaping the future of AI? Swipe through our slideshow! üëâ",0.5437,POSITIVE,0.999
11/19/2024,TSMC,"628,491 followers","Countdown to the 2024 TSMC North America OIP Ecosystem Forum on September 25, 2024, at the Santa Clara Convention Center!  Don‚Äôt miss this important event for the semiconductor community. Dive into the forefront of AI-assisted design flows, chip design solutions, and silicon photonics. Gain exclusive know-how, connect with industry innovators, and be part of the next wave of technological breakthroughs with over 50 technical presentations and 47 OIP ecosystem partner exhibitions. It‚Äôs a feast of cutting-edge technologies and industry insights.  Register now to secure your spot at this pivotal event!",0.528,POSITIVE,0.9997
11/19/2024,TSMC,"628,491 followers","TSMC focuses on building a strong supply chain through initiatives like the Maintain the Old as the New project and the New Factory Construction Plan to improve suppliers' facilities, production lines, and management capabilities. By integrating standards and processes in business continuity plan, production line, quality, environmental safety and health, fire control, and green supply chain, TSMC helps suppliers enhance their adaptability to ESG and prevent non-compliance costs. Click to learn more!",0.5476,POSITIVE,0.9989
11/19/2024,TSMC,"628,491 followers","We‚Äôre thrilled to present the second video in our TSMC Arizona series: ""Inside TSMC Arizona: Leadership and Insights."" üåü  In this video, a few of our experienced managers open up about their leadership journeys, sharing powerful stories and valuable insights that define the culture at TSMC Arizona.  And that's not all! Our campus recruitment trip is in full swing. We're visiting many U.S. universities to connect with aspiring students ready to an exciting career with TSMC. Be sure to catch us on your campus!  TSMC 2024 US Campus Recruitment:",0.5074,POSITIVE,0.9997
11/19/2024,TSMC,"628,491 followers","TSMC is committed to pushing forward cutting-edge technologies and fostering innovation. Our innovative technology platform for HPC/AI brings together industry-leading advanced logic, 3D IC, and specialty technologies to unleash the full potential of modern AI developments, making the world we live in a much better place.  Our Chairman and CEO, Dr. C.C. Wei, stated, ""At TSMC, we are offering our customers the most comprehensive set of technologies to realize their visions for AI.""  Click to learn more about TSMC's industry-leading technologies driving AI forward!",0.546,POSITIVE,0.9987
11/12/2024,TSMC,"628,491 followers","Our 2024 US Campus Recruitment Event Page is LIVE! üåü  Discover all our event and interview schedules and explore this year‚Äôs featured job roles. This year, we're excited to announce that we‚Äôre recruiting talent not only from STEM backgrounds but also from business and other professional fields!  Visit our Event Page for all the details and to register:",0.5388,POSITIVE,0.9945
11/12/2024,TSMC,"628,491 followers","As we embrace a new era of AI, what fundamental values underpin AI development in the semiconductor industry?  Join us for an exclusive conversation with TSMC's Chairman and CEO, Dr. C.C. Wei, in this episode of the ""Powering AI Innovation with TSMC"" podcast.  Discover TSMC's unique strengths and its pivotal role in advancing AI beyond sheer capacity‚Äîtune in now!",0.5503,POSITIVE,0.9993
11/12/2024,TSMC,"628,491 followers","Are you an experienced professional looking for your next big career move? JASM is expanding and we want YOU to join our innovative team! We're hiring for exciting roles in Engineering, Fab Management, Human Resources, Finance, Legal, IT...and more! If you are curious about what JASM has to offer, don‚Äôt miss our exclusive mid-career webinar on Sept. 13 (JST). This is your chance to dive deep into JASM‚Äôs vibrant culture, comprehensive relocation support, dynamic career paths, and discover the many benefits of becoming part of the JASM family.  üîó Secure Your Spot:  Elevate your career to new heights with JASM. We can't wait to meet you and explore the future together!",0.519,POSITIVE,0.9966
11/12/2024,TSMC,"628,491 followers","On August 20th,  hashtag #ESMC - TSMC's joint venture with Bosch, Infineon Technologies, and NXP Semiconductors - held a groundbreaking ceremony for its first semiconductor fab in , . With total investments over ‚Ç¨10B, backed by strong support from the EU and German government, the project will bolster ‚Äôs ecosystem and economy, creating around 2,000 high-tech jobs and numerous indirect jobs across the EU supply chain.  Committed to , ESMC aims to construct a green fab with energy-efficient designs, water reclamation, and LEED certification. Construction is set to begin later this year.  To learn more about ESMC, visit:",0.5288,POSITIVE,0.9985
11/12/2024,TSMC,"628,491 followers",We‚Äôre excited to announce our fall university campus visit schedule! The TSMC team is eager to meet passionate students and graduates who are ready to shape the future of technology with us. Check out the campus events near you and connect with us to learn more about what makes TSMC a great place to start your career.  TSMC 2024 US Campus Recruitment üîó Event Registration: üîó U.S. Opportunities: üîó Headquarters Opportunities:  Let‚Äôs create the future together!,0.5136,POSITIVE,0.9979
11/12/2024,TSMC,"628,491 followers","Get ready for a transformative event that will spark innovations of today and tomorrow's semiconductor designs at the 2024 TSMC Global Open Innovation Platform (OIP) Ecosystem Forum!  This year‚Äôs forum is set to ignite excitement with a focus on how AI is transforming chip design and the latest advances in 3DIC system design. Join industry trailblazers and TSMC‚Äôs ecosystem partners for an inside look at the latest innovations and breakthroughs.  Through a series of compelling, multi-track presentations, you‚Äôll witness firsthand how the ecosystem is collaborating to address critical design challenges and leverage AI in chip design processes.  Engage with thought leaders and innovators at this unique event, available both in-person and online across major global locations, including North America, Japan, Taiwan, China, Europe, and Israel.  Don‚Äôt miss out on this opportunity to connect with the forefront of semiconductor technology. Registration now open at",0.5295,POSITIVE,0.9996
11/12/2024,TSMC,"628,491 followers","TSMC 2024 & 2025 Arizona internship? Co-op, and full-time new graduate Opportunities: https://tsmcaz.info/ustrip  Email us today!",0.5468,NEGATIVE,0.5009
11/12/2024,TSMC,"628,491 followers","JASM focuses on building positive relationships with local communities by championing eco-friendly manufacturing initiatives, supporting local sports teams, engaging in charitable activities, and contributing to disaster relief efforts in Kumamoto. In June, the company partnered with the TSMC Education and Culture Foundation to sponsor Taiwan's orchestra in Japan, blending Taiwanese and Japanese cultural aspects through the universal language of music. Click to learn more!",0.5277,POSITIVE,0.9948
11/12/2024,TSMC,"628,491 followers","TSMC hosted its first Supply Chain Security Workshop, focusing on Strengthening Supply Chain Information Security Management Practices. With 800+ participants, we achieved 98% satisfaction. Shoutout to our partners for diving deep into the cybersecurity pool with us! Click to learn more!",0.5289,POSITIVE,0.9993
11/12/2024,TSMC,"628,491 followers","Get an inside look at life at TSMC Arizona with our new employee testimonials video!  Hear directly from our team members about their experiences, growth, and what makes TSMC a great place to work. This fall, we're also hitting the road to visit schools across the US! Stay tuned for updates and come meet us in person.  TSMC 2024 US Campus Recruitment U.S. Opportunities: Headquarters Opportunities:  Join us in celebrating the incredible people who drive our innovation.",0.5271,POSITIVE,0.996
11/12/2024,TSMC,"628,491 followers","Yesterday,  hashtag #ESMC- TSMC's joint venture with Bosch, Infineon Technologies, and NXP Semiconductors - held a groundbreaking ceremony to officially mark the initial phase of land preparation for its first semiconductor fab in , . The event brought together government officials, customers, suppliers, business partners, and academia, to celebrate a milestone in the establishment of the EU's first-ever FinFET-capable pure-play foundry.  Distinguished guests included president of the European Commission Ursula von der Leyen, German Chancellor Olaf Scholz, and Saxony Minister President Michael Kretschmer and Lord Mayor of Dresden, Dirk Hilbert. In a demonstration of dedicated support, during the event, President von der Leyen announced that the European Commission has approved, under EU State aid rules, a ‚Ç¨5 billion German measure to support ESMC in the construction and operation of the semiconductor fab.  To learn more, click here:",0.5174,POSITIVE,0.9981
11/12/2024,TSMC,"628,491 followers","TSMC is committed to building a green, low-carbon supply chain by innovating chemical material packaging and collaborating with suppliers. As of July 2024, we've effectively implemented new drum packaging materials in three of our fabs, and by 2025, TSMC expects to reduce chemical residue by 3.2M liters annually and cut carbon emissions by 570 tons. This initiative aims to enhance environmental friendliness and protect human health. Click to learn more!",0.5237,POSITIVE,0.9988
11/12/2024,TSMC,"628,491 followers","Exciting times at TSMC! For 25 years, we've published non-financial reports, and this July, we released our first Human Rights Report and Sustainability Impact Valuation Report! Plus, our new Climate and Nature Report combines TCFD and TNFD insights. In addition, we updated our UN SDGs Action Report, Materiality Analysis Report, and Sustainability Highlight Report.",0.5254,POSITIVE,0.9994
11/5/2024,TSMC,"628,491 followers","Discover TSMC's approach to addressing Environmental, Social, and Governance (ESG) issues! Explore our recently released 2023 Sustainability Report! This report showcases TSMC's dedication to sustainability by implementing innovation, sustainable practices, and community engagement that align with UN Sustainable Development Goals. Click to learn more!",0.5064,POSITIVE,0.9998
11/5/2024,TSMC,"628,491 followers","As a founding member of the Cloud Alliance under TSMC‚Äôs  hashtag #OpenInnovationPlatform, we were excited to participate in the 2024 AWS Summit Taipei, celebrating the launch of AWS's new data center in Taiwan.  TSMC's Open Innovation Platform is a groundbreaking ecosystem that fosters collaboration and accelerates technological advancements, enabling seamless innovation across various sectors. With the Cloud Alliance, TSMC leverages the immense flexibility and power of cloud technology to enhance customer productivity and drive industry growth.  Dan Kochpatcharin, Head of the Ecosystem and Alliances Management Division at TSMC, represented the company and our valued partner relationships at the event, sharing his valuable insights on TSMC's collaboration with AWS in advancing chip design solutions, nurturing talent, and optimizing computing resources. This powerful ecosystem exemplifies how two industry leaders from distinct domains can synergize to drive innovation and growth.  We extend our heartfelt congratulations to AWS on this significant milestone, highlighting the burgeoning strength of Taiwan's tech industry. Together, we anticipate more breakthroughs and a bright technological future for Taiwan.",0.5313,POSITIVE,0.9994
11/5/2024,TSMC,"628,491 followers","Don't miss out on a deep dive into the future of semiconductor technology. The registration deadline is almost here!  üîóRegister Now:  Whether you're a student aiming to broaden your knowledge or a professional seeking to stay ahead of the curve, this Technical Talk is an invaluable opportunity to connect with TSMC's thought leaders and like-minded peers from around the globe. Act now! This is your final reminder to register before the deadline and ensure your participation in this premier virtual event. Let's embark on a journey of learning and discovery together.",0.5121,POSITIVE,0.9994
11/5/2024,TSMC,"628,491 followers","This National Intern Day, we at TSMC  hashtag #Washington celebrate our interns who have spearheaded numerous initiatives throughout the year. They partnered with Washington State University-Vancouver to help plan a Women in STEM event, which showcased the inspiring journeys of women in the industry and promoted STEM careers. They also helped host a STEM boot camp with i-Urban Teen and Cascade Middle School, using conductive play dough to spark curiosity with lights, fans, and even noisemakers.  In alignment with TSMC's zero-waste goals, the interns also conducted a waste audit to identify areas for improvement in our recycling systems and solutions, promoting a more sustainable future.  We're incredibly proud of our interns' dedication, innovation, and positive impact. Thank you for making a difference at TSMC Washington!",0.5244,POSITIVE,0.9964
11/5/2024,TSMC,"628,491 followers","Today is National Intern Day ‚Äì a day focused on recognizing and celebrating future leaders. At TSMC  hashtag #Arizona, we celebrate our 130 summer interns representing 40 U.S. universities. These interns have been focused on tackling real-world semiconductor manufacturing challenges alongside our seasoned team of TSMC managers and engineers as we prepare to start operations in the first half of 2025. We have loved teaching and learning alongside them and are proud of the progress we have made together.  This month, our interns also brought their energy to our local community. Joining with the Boys & Girls Clubs of the Valley, these interns and the Club kids worked together to design and build robotic vehicles ‚Äì mBots - and race them in a friendly competition. This was a great opportunity for our employees and interns to serve and collaborate with a wonderful organization, while possibly sparking a child‚Äôs future interest in STEM.  Thank you to thefor welcoming us, and to all our committed and passionate interns who have made our summer so enjoyable!",0.5143,POSITIVE,0.9978
11/5/2024,TSMC,"628,491 followers","In 2001, Kunqu, a traditional Chinese opera form, was proclaimed one of the Masterpieces of the Oral and Intangible Heritage of Humanity by UNESCO. To increase the public‚Äôs interest in artistic appreciation and theatre, the TSMC Education and Culture Foundation endorses artists, schools, and students by organizing performances, preserving heritage, and funding arts programs. Click to learn more!",0.5157,POSITIVE,0.9998
11/5/2024,TSMC,"628,491 followers","The TSMC Charity Foundation supports educational empowerment by organizing projects like vocational training and job fairs for rural students. In collaboration with local governments and senior high schools, we‚Äôve conducted workshops and expos benefiting over 1,500 students, parents, and teachers, providing insights into technical education and future career paths. Click to learn more!",0.5075,POSITIVE,0.9972
11/5/2024,TSMC,"628,491 followers","Are you a STEM student fascinated by the intricacies of semiconductor technology? Do you envision a future shaping the microelectronics that power our world?  Join us for the ""2024 TSMC Virtual Technical Talk: Exploring Diverse Paths in Semiconductor Technology"" - an enlightening journey into the cutting-edge processes and technologies that are at the heart of today's digital revolution!    Date: Thursday, August 1  Time: 9 ‚Äì 10:30 am (GMT+8)    Whether you're curious about the latest trends, or considering a career with a global leader in semiconductor design and manufacturing, this is your opportunity to connect with the pioneers at the forefront of innovation.  Ready to be part of the conversation? Click the link to register and secure your spot in this exclusive event! ‚û°Ô∏è",0.5262,POSITIVE,0.9979
11/5/2024,TSMC,"628,491 followers","TSMC is all about taking care of our employees physically and mentally! The Company places high value on employee well-being through health check-ups and diversity campaigns that promote psychological safety. With a specific emphasis on mental health, counseling services and resources are provided to assist employees in navigating obstacles in life. In 2024, enhancements were made to the Employee Assistance Programs, offering additional counseling options and flexible scheduling. Click to learn more!",0.5299,POSITIVE,0.9912
10/29/2024,TSMC,"628,491 followers","TSMC TechSymposium is one of our significant events in the first half of the year. We want to express our heartfelt thanks to everyone who joined  hashtag #TechSymposium24.   This year, we focused on ""Powering AI with Silicon Leadership."" By showcasing our latest advanced logic, specialty, and 3DIC technologies, TSMC remains a trustworthy and reliable partner, gathering all valued silicon stakeholders to develop a prosperous AI ecosystem.  We invite you to watch this video to gain insights from our global executives. Once again, thank you for attending this year‚Äôs event. TSMC is committed to leading AI development and bringing all of you along to explore this infinite new era.  Looking forward to seeing you next year!",0.56,POSITIVE,0.998
10/29/2024,TSMC,"628,491 followers","TSMC is dedicated to establishing an environmentally friendly, low-carbon supply chain to support sustainable growth. In response to the increasing demand for hydrogen from advanced processes, TSMC encourages suppliers to recycle carbon dioxide emitted from the natural gas production process into electronic-grade liquid carbon dioxide for reuse at TSMC. As of June 2024, TSMC has reused over 35,000 metric tons of electronic-grade liquid carbon dioxide, while suppliers have cut carbon emissions by 38,000 metric tons annually using carbon-neutral natural gas. In addition, we've assisted suppliers in purchasing carbon-neutral gas and have adopted underground pipelines to supply hydrogen directly to the Southern Taiwan Science Park, eliminating the need for over 5,200 hydrogen tank truck rides. All of these demonstrate TSMC's dedication to benefiting the industry. Click to learn more!",0.516,POSITIVE,0.9968
10/29/2024,TSMC,"628,491 followers","Thank you for joining us at our Japan  hashtag #TSMCTechSymposium24 in Yokohama! This year, we achieved record-high attendance with over 500 attendees gathering to witness the blossoming AI development driven by the silicon industry.  Don't miss out on this video to recap the wonderful moments from the event!  We look forward to seeing you again next year. Stay tuned to see how AI will be continually empowered by our silicon leadership and leading-edge technologies.",0.5617,POSITIVE,0.9996
10/29/2024,TSMC,"628,491 followers","We recently welcomed U.S. Senator Mark Kelly to TSMC Arizona in Phoenix. Greeted by TSMC Arizona CEO YL Wang and President Brian Harrison, Senator Kelly was able to see up close the tremendous progress we are making preparing our first fab for production start in first-half 2025, the construction of our second fab and the planned location of our recently announced third fab. He also had the opportunity to engage with our facilities technician apprentices, who have been trained and recruited through our locally-focused workforce development program and now play a crucial role in supporting our operations.  Senator Kelly was a key leader in the passage of the CHIPS Act, and we want to thank him for his support of our efforts to bring the most advanced semiconductor manufacturing to the United States.",0.5205,POSITIVE,0.9989
10/29/2024,TSMC,"628,491 followers","Today, we concluded our final stop of  hashtag #TSMCTechSymposium24 in Yokohama, Japan. A huge thank you to everyone who joined us on this journey to shape the future of AI!  TSMC Japan President, Makoto Onodera, highlighted TSMC‚Äôs continued investment in Japan, including the Japan Design Center (JDC) in Yokohama and Osaka, the 3DIC R&D Center in Tsukuba, and JASM in Kumamoto. These investments demonstrate TSMC's commitment to supporting our customers' needs and unleashing innovation.  In addition to Onodera, we had the honor of inviting Keiji Yamamoto, Senior Fellow of Toyota Motor Corporation, and Chairman of ASRA, to share his insights on the future direction of AI from an automotive perspective, including the need for advanced semiconductor technology to boost automotive performance and intelligence. Yamamoto also emphasized the need for the industry to collaborate as a united team, which he believes will stimulate further revitalization in the semiconductor industry.  Once again, we extend our heartfelt thanks and look forward to seeing you next year!",0.539,POSITIVE,0.9959
10/29/2024,TSMC,"628,491 followers","TSMC aims to improve eco-friendliness and safety among its suppliers. Through the ""Supplier Senior Executive ESH Improvement Program,"" we're empowering supplier executives on all things green and safe. As of May 2024, 17 suppliers have shown a 10% enhancement in factory audit scores and an 85.7% decrease in significant risk issues, reinforcing the sustainability of our supply chain operations. Click to learn more!",0.5224,POSITIVE,0.993
10/29/2024,TSMC,"628,491 followers","Celebrate International Women in Engineering Day with us! TSMC continues to unleash our talents‚Äô potential and boost workforce diversity. Women in STEM positions at TSMC now make up over one third of our permanent workforce.    We‚Äôd like to take this moment to recognize and honor all the women working in the semiconductor sector for their passion, dedication and contribution to the industry. We‚Äôll continue to empower and support women to excel and thrive in STEM areas.    Furthermore, we invite you to learn our commitment to providing equal opportunities and fostering a Diversity, Equity and Inclusion TSMC:",0.5142,POSITIVE,0.997
10/29/2024,TSMC,"628,491 followers","Coinciding with Engineer‚Äôs Day on June 6th, Women@tsmc hosted a fireside chat, inviting Dr. Lisa Su, Chair and CEO of AMD, to speak with Lora Ho, Senior Vice President of TSMC. During the lively discussion, Dr. Su shared insights on how she transformed AMD, the importance of fostering in the workplace, and the importance of leadership.    She emphasized the need to treat individuals according to their unique needs and encouraged TSMC employees to ‚Äúcreate your own luck‚Äù by embracing challenges and seeking opportunities to make a difference. Dr. Su also highlighted the strong partnership between AMD and TSMC and their shared value of focusing on people and collaboration. Moving forward, the two companies will continue to work together to advance new technologies.",0.5394,POSITIVE,0.9921
10/22/2024,TSMC,"628,491 followers","Exciting news from TSMC! TSMC has partnered with a silicon wafer supplier to develop a slurry-free slicing method, reducing carbon emissions by over 90%. This environmentally conscious approach enhances the sustainability of semiconductor manufacturing and ensures the flatness of silicon wafers through rigorous testing and adjustments. Let's continue to promote environmental sustainability while upholding quality standards. Click to learn more!",0.5134,POSITIVE,0.9996
10/22/2024,TSMC,"628,491 followers","TSMC is on a mission to boost energy efficiency in line with UN SDGs 7! By upgrading power transformers and implementing high-efficiency fans, we've installed 2,435 transformers in 12 process fabs and one packaging fab, saving 66 million kWh of electricity and dropping carbon emissions by 32,000 metric tons! Click to learn more!",0.5293,POSITIVE,0.9993
10/22/2024,TSMC,"628,491 followers","Silicon-based technology will power automotive innovation for decades to come. With our geo-diversified Fab locations to support chip production across the globe and our continual pursuit of manufacturing excellence, TSMC is the trusted partner for the automotive industry.  Join us as we embrace automotive innovation in the age of AI!",0.5362,POSITIVE,0.9993
10/22/2024,TSMC,"628,491 followers","On International Day for Biological Diversity, TSMC has partnered with external organizations to roll out the ""Eco Plus! Ecological Harmony Program."" Through nurturing wildlife, supporting research talents, and promoting citizen science, TSMC is committed to advancing biodiversity conservation and promoting environmental sustainability. Click to learn more!",0.5061,POSITIVE,0.9966
10/22/2024,TSMC,"628,491 followers","We celebrated the 20th China  hashtag #TSMCTechSymposium last week in Shanghai with unforgettable moments! A record-breaking number of over 1300 attendees gathered together to explore how we can shape the future of AI leveraging TSMC's silicon leadership.  We've captured these wonderful moments in a video that we're excited to share with you.  Remember, our journey continues with the last stop of in Yokohama, Japan, on June 28th! We hope to see you there!",0.5281,POSITIVE,0.9998
10/22/2024,TSMC,"628,491 followers","A big thank you to everyone who joined our Europe Technology Symposium in Amsterdam recently!   At the event, eight of our emerging customers showcased wide-range product innovations in the Innovation Zone. Their innovations range from single board computer, networking, communication to sensing and edge devices, leveraging TSMC‚Äôs broad technology platforms.  We invite you to watch the Innovation Zone highlight video to learn more about our customers:,,,,,,, and. We at TSMC are proud to work with these innovators.",0.5283,POSITIVE,0.9981
10/22/2024,TSMC,"628,491 followers","Thank you for joining our Taiwan  hashtag #TSMCTechSymposium24 last week! It was great to see industry elites and partners gathering together to explore how we can shape the future of AI leveraging TSMC's silicon leadership.  Catch up on the event highlights in our recap video! We can't wait to see you at our next stop for in Yokohama, Japan on June 28th!",0.5291,POSITIVE,0.9982
10/22/2024,TSMC,"628,491 followers","Committed to environmental protection, TSMC‚Äôs new-generation low-temperature polyimide process prioritizes sustainable practices and eco-friendly chemical management by eliminating harmful substances and fostering supplier-driven innovation. By April, this new material has been introduced in our 5nm, 3nm, and 2nm processes, with plans to enter trial production in the second half of 2024. Click to learn more!",0.5305,POSITIVE,0.9997
10/22/2024,TSMC,"628,491 followers","TSMC's advanced automotive solutions make the future safer, smarter and greener! Learn more about the Software Defined Vehicles of tomorrow: https://lnkd.in/gQnT24Xz",0.5259,POSITIVE,0.9513
10/22/2024,TSMC,"628,491 followers","Today, we celebrated the 20th China  hashtag #TSMCTechSymposium24 in Shanghai. We extend our heartfelt gratitude to the over 1,300 attendees for joining us! Your participation was instrumental to the success of this event!  The President of TSMC China, Roger Luo, addressed the pivotal role of AI applications in everyday life in China, and how the deployment of cutting-edge AI products requires silicon - a domain where TSMC can provide robust support to build a comprehensive and thriving ecosystem.  China's vast AI development and its position as one of the world's largest and most mature markets significantly underpin the growth in the AI industry, particularly in edge computing and inference. At TSMC, we are firmly committed to uniting all silicon partners and together, shaping the future of AI by offering industry-leading technologies and solutions.  Stay tuned for our final stop - Japan in Yokohama, on June 28th!",0.5445,POSITIVE,0.9994
10/22/2024,TSMC,"628,491 followers","What a wonderful day we had at the Taiwan  hashtag #TSMCTechSymposium24 in Hsinchu! This year, we are focusing on how TSMC's leadership is empowering AI in various sectors, including Automotive, IoT, Sensors and Display industries with our advanced and specialty technologies.  Ray Wan, our Asia Pacific Business Director, stated that TSMC continues to be the trusted technology and capacity provider for the global logic IC industry, supporting innovation and mutual future success in the AI Age. Alongside Ray, we are honored to have Dr., Engineering Director, Google. He summarized the potential of Google Cloud and AI assets in enhancing design and manufacturing efficiency in the semiconductor industry.  We're excited for our next stop at China in Shanghai on May 28th. Join us as we continue to shape the future of AI!",0.5526,POSITIVE,0.9981
10/22/2024,TSMC,"628,491 followers","TSMC cares about DEI! To foster a more inclusive and supportive work environment, we've rolled out a six-month ""Accessible Workplace Experience Camp"" that involves occupational therapists in the recruitment process and job redesign to help integrate talents with disabilities into the workplace. Click to learn more!",0.5083,POSITIVE,0.9752
10/22/2024,TSMC,"628,491 followers","To commemorate International Day for Biological Diversity,  hashtag #TSMC today announced the launch of the ""Eco Plus! - Ecological Harmony Program"", which integrates internal and external resources to connect fragmented biological habitats, enhance species survival, and establish a reward system to support potential talents and important ecological research on . The plan aims to accelerate positive action on ecological restoration and nature education in three key areas: habitat, species, and knowledge.  As the challenge of climate change continues to grow, preserving ecosystems and natural environments has become a crucial part of achieving sustainable development. TSMC is committed to creating a balance between technology and the environment, ensuring the of ecosystems and maintenance of biodiversity.  Click here to read more about the actions TSMC is taking to support biodiversity through the ‚ÄúEco Plus! -Ecological Harmony Program‚Äú:",0.5185,POSITIVE,0.9966
10/22/2024,TSMC,"628,491 followers","Thank you all for joining us at the Europe  hashtag #TSMCTechSymposium24 in Amsterdam last week! This year, we highlighted our silicon leadership that powers AI through our leading-edge innovations in advanced logic, specialty, and 3DIC technologies. We also shared our European footprint, ESMC, which will support our customers in driving robust development in the AI age.  We invite you to relive the event's wonderful moments through this video. We greatly appreciate your participation as we gather together to shape the future of AI.  Looking forward to seeing you tomorrow at the Taiwan in Hsinchu!",0.5511,POSITIVE,0.9978
10/15/2024,TSMC,"628,491 followers","‚ÄúAnywhere that‚Äôs leading-edge, TSMC is there.‚Äù  While attending the TSMC 2024 Technology Symposium, respected industry analysts,, andshared their biggest takeaways from the event and excitement about TSMC‚Äôs newest technologies.  As we enter an AI-empowered world where artificial intelligence is running in data centers, PCs, automobiles, and more, our customers require the very latest technologies, from advanced process to advanced packaging, to enable their innovation. At this year‚Äôs Symposium, introduced its newest technology innovations, such as TSMC A16‚Ñ¢ process technology with Super Power Rail architecture, NanoFlex ‚Ñ¢, System-on-Wafer, and Compact Universal Photonic Engine (COUPE‚Ñ¢ ) technology, to power the next wave of innovations.",0.5363,POSITIVE,0.9994
10/15/2024,TSMC,"628,491 followers","When it comes to silicon leadership, we‚Äôre introducing Automotive Grade Advanced Packaging, enabling chiplet integration for ECUs and supercharging in-vehicle AI. ECUs can now be defined at the package level with reusability and scalability, helping you deliver your latest innovations more effectively.",0.5228,POSITIVE,0.9992
10/15/2024,TSMC,"628,491 followers","This is a wrap on our Europe flagship event-  hashtag #TSMCTechSymposium24 in Amsterdam today! As we navigate the AI era, this year's focus was on how TSMC‚Äôs silicon leadership is powering AI and shaping robust applications in SDV, HPC, and IoT using our advanced and specialty technologies.  Our President of TSMC Europe, Paul de Bot, spoke about the world's most advanced AI running on TSMC's leading technologies. Paul also shared our global footprint expansion to support our customers. ESMC offers best-in-class specialty technologies to support critical market segments, particularly automotive, industrial and IoT applications.  A big thank you to all who participated in the event! We look forward to seeing you at our next stop- Taiwan on May 23rd in Hsinchu!",0.5488,POSITIVE,0.9965
10/15/2024,TSMC,"628,491 followers","Today at the Europe  hashtag #TSMCTechSymposium24, alongside TSMC CEO, Dr. C.C. Wei's keynote, we were honored to have Jochen Hanebeck, CEO of Infineon Technologies, share insights on the future of robust AI ecosystems powered by silicon technologies. Jochen spoke about driving greater energy efficiency in Edge AI and strengthening the European semiconductor ecosystem through close partnership with TSMC.  Infineon, a key player in power systems and IoT, is committed to driving technological advancements and shaping the future of connected systems, making life easier, safer, and greener for all. This aligns with TSMC's dedication to pushing the limits of physics and known elements, to help you build the next big thing through continuous investment in technology R&D.  Next stop for the is Hsinchu, Taiwan! See you soon on May 23rd!",0.5295,POSITIVE,0.9987
10/15/2024,TSMC,"628,491 followers","Thrilled to share that  hashtag #TSMC CEO, Dr. C.C. Wei, delivered an insightful talk at the Europe  hashtag #TSMCTechSymposium24 in Amsterdam today. He talked about the importance of robust AI ecosystems, TSMC‚Äôs silicon leadership, and the crucial role of collaborative partnerships in enhancing the AI industry's cost-efficiency and productivity.  With AI becoming increasingly present in our daily lives, C.C. drew attention to the challenges of cost and power consumption in the semiconductor industry. It is vital for TSMC and our partners to foster a sustainable and decarbonized AI ecosystem, emphasizing the importance of deep collaboration with ecosystem partners to shape the future of AI.  We invite you to share your thoughts on sustainability and the AI future in the comments. See you at our next stop, the Taiwan Symposium, on May 23rd in Hsinchu!",0.5395,POSITIVE,0.9984
10/15/2024,TSMC,"628,491 followers","This past week, TSMC Arizona recognized Construction Safety Week 2024. While safety is important every day of the year, Safety Week provides TSMC and all our valued construction trade partners with the opportunity to step back, evaluate our practices in place, and reflect on the theme.  We are grateful to our amazing team of general contractors for organizing an outstanding event. We had 2800 of our trade workforce turn out for safety demonstrations, giveaways from safety and health-themed vendors, lunch and a raffle for some fantastic prizes. We hold safety of our workforce and our project site in the highest regard and firmly believe that everyone plays a role.",0.5294,POSITIVE,0.9987
10/15/2024,TSMC,"628,491 followers","See you in 4 days at our Europe  hashtag #TSMCTechSymposium24 in Amsterdam on May 14th!  In an era where AI is rapidly evolving, the demand for advanced chips has become crucial. At TSMC, we are leaders in silicon technology and dedicated to collaborating with our valued partners to build robust AI ecosystems.  We're excited that 8 emerging customers,,,,,,,,will present their product demos at the Innovation Zone during the Europe Symposium.  Don't miss out on the Innovation Zone and the chance to engage with these companies! Leave a cheer for them in the comments!",0.5351,POSITIVE,0.9976
10/15/2024,TSMC,"628,491 followers","TSMC created an real-time air pollution sensor that reduced the time for data acquisition, detection and response to abnormal pollution sources from one week to just one minute. The system has been implemented in multiple TSMC facilities, including Fab 2 & Fab 5, Fab 15A, Fab 18A, and Fab 18B, underscoring TSMC's commitment to innovation and environmental stewardship. Click to learn more!",0.519,POSITIVE,0.9994
10/15/2024,TSMC,"628,491 followers","A huge thank you to everyone who attended our flagship event,  hashtag #TSMCTechSymposium24, in Santa Clara recently! This year, we featured 17 emerging partners who showcased their products in our Innovation Zone. Their participation was invaluable and vital to the event's success. We're thrilled to collaborate with these partners as we look forward to shaping the future of AI with TSMC's silicon leadership.  Check out the highlight video to get a glimpse of pitches from our partners -,,,,,,,,,,,,,,,  Our next stop will be in Amsterdam, Europe on May 14th. We look forward to seeing you there!",0.5324,POSITIVE,0.9984
10/15/2024,TSMC,"628,491 followers","In the era of pervasive intelligence, collaboration and innovation are paramount, and the TSMC OIP ecosystem exemplifies this power!   A heartfelt thank you to, CEO of, for delivering such an inspiring message at CEO Talk, TSMC's internal training program. During this session, Mr. Ghazi shared insights into Synopsys' dynamic culture and collaborative spirit, highlighting the fruitful partnership between TSMC and Synopsys across three decades and various domains, including IP, EDA, Cloud, and 3DFabric alliances.  The era of pervasive intelligence, as depicted by Mr. Ghazi, is indeed fascinating and captivating. We eagerly anticipate continuing our collaborative journey with all OIP partners as we shape the future together.  Oh, and did we mention? This is just one of the many learning opportunities at TSMC!",0.5109,POSITIVE,0.9995
10/15/2024,TSMC,"628,491 followers","We're still thrilled from 30th anniversary of the North America  hashtag #TSMCTechSymposium24 recently! A record-breaking gathering of over 2,300 attendees came together to understand how TSMC's silicon leadership can empower AI and share ideas for a collaborative AI future.  Look out for our event's sizzle reel video capturing wonderful moments! Comment below if you were part of the event! A big thank you to everyone who joined us and made our event a resounding success.  Next stop, see you in Amsterdam for the Europe on May 14th!",0.5307,POSITIVE,0.9989
10/15/2024,TSMC,"628,491 followers","Accelerate your automotive product cycle with TSMC. Gain unprecedented early access to the world's most advanced logic technology for automotive today with TSMC's  hashtag , and programs.  Make the future safer, smarter and greener with TSMC Automotive.",0.5312,POSITIVE,0.9976
10/15/2024,TSMC,"628,491 followers","We extend our heartfelt thanks to all who joined us at the North America Tech Symposium last week in Santa Clara!  Since 1994, we've been uniting global leaders in the semiconductor industry to discuss pioneering technologies and trends. This year, at the dawn of the AI era, our symposium presented a roadmap of AI's future. As the world‚Äôs most advanced AI runs on the world‚Äôs most advanced silicon with TSMC‚Äôs 7 through 4-nanometer technologies, we demonstrated how TSMC, as a silicon leader, powers AI and unleashes innovation.  Watch our recap video to relive the past 30 years of the event. As we move into the next 30 years, we'll go together, venturing beyond what we believe is possible!  We're heading to Europe in Amsterdam on May 14th for our next stop. We look forward to seeing you there!",0.5462,POSITIVE,0.9995
10/15/2024,TSMC,"628,491 followers","It's a wrap on  hashtag #TSMCTechSymposium24 in Santa Clara! Today at the event, we highlighted TSMC's responsibility in partnering with key players to shape future success in the AI Age.  ‚ÄúToday, the world‚Äôs most advanced AI runs on the world‚Äôs most advanced silicon, built on TSMC‚Äôs 7 through 4-nanometer technologies,‚Äù said David Keller, President and CEO of TSMC North America, indicating that AI is ushering in the 4th industrial revolution. As a leader in silicon technology, TSMC is devoted to empowering AI and unleashing innovation through our advanced and specialty technology platform solutions.  This year also marks the 30th anniversary of the TSMC Tech Symposium in North America. At TSMC, we are committed to earning your trust and partnership. Looking ahead, we're excited to explore how AI, supported by silicon, can shape the future in the next 30 years!  See you at our next stop - Technology Workshop, in Austin on May 2nd and in Boston on May 9th!",0.5597,POSITIVE,0.9986
10/15/2024,TSMC,"628,491 followers","TSMC's latest automotive solutions unveiled at 2024 Technology Symposium! With the rise of EVs, next-gen infotainment and intelligent driving systems, TSMC is ready to help you with the world's most advanced semiconductor technology for the automotive industry.  Make the future safer, smarter and greener with TSMC Automotive.",0.5424,POSITIVE,0.9977
10/15/2024,TSMC,"628,491 followers","What an exciting day as we kick off our flagship event,  hashtag #TSMCTechSymposium24, in Santa Clara! This year is particularly special as we‚Äôre celebrating the 30th anniversary of the event. We're proud to spotlight TSMC‚Äôs leadership role in silicon technology and the collaborations with our outstanding partners that drive the critical innovations powering AI.  We're honored to have, Managing General Partner at, Founder of, and an Adjunct Professor at Stanford University, and, Senior Vice President and Distinguished Engineer at. They joined us at the to discuss AI opportunities and their partnership with TSMC. Andrew shed light on AI as a general-purpose technology with applications across the economy and society and shared major technology trends in AI, including using Agentic AI to drive AI progress. James highlighted how AWS is enabling Generative AI, greatly benefiting from the partnership with TSMC.  TSMC is committed to consistently setting the industry benchmark in powering AI with world-class silicon leadership, supporting and collaborating with partners to drive future success in the AI age.  See you at our next stop - Technology Workshop, in Austin on May 2nd and in Boston on May 9th!",0.5445,POSITIVE,0.9993
10/8/2024,TSMC,"628,491 followers","The TSMC Education and Culture Foundation motivates youth to dream big through programs like the TSMC Udreamer project. In its eighth year, 180 teams signed up, 9 winning NT$3M grants. Proposals range from solving school dropout rates in Malawi to making a satellite for the Latin America Space Challenge. TSMC lends a hand to students determined to change the world. Keep those dreams flying high, students! Click to learn more!",0.5318,POSITIVE,0.999
10/8/2024,TSMC,"628,491 followers","See you in two days at the North American  hashtag #TSMCTechSymposium24!  In the era of AI, we at TSMC are leading the way in silicon technology. Our commitment is to collaborate with remarkable partners and empower AI, paving the way for the mutual success of the AI ecosystem. We're excited to invite you to join us at our Innovation Zone during the event. Here, 17 customers that have collaborated with TSMC will be showcasing their product demos.  We're looking forward to seeing the innovative products of,,,,,,,,,,,,,,,,on April 24th!  Leave a comment to cheer them on!",0.5416,POSITIVE,0.9991
10/8/2024,TSMC,"628,491 followers","We like to think of SDVs as Silicon Defined Vehicles, not just software defined. Now fundamental to automotive innovation, semiconductor technology helps you shape the mobility of tomorrow.  Make the future safer, smarter and greener with TSMC Automotive.",0.521,POSITIVE,0.9997
10/8/2024,TSMC,"628,491 followers","TSMC has established four preschools in Hsinchu, Taichung, and Tainan, catering to employees' children between the ages of two and six. Moreover, we offer daycare services tailored to accommodate our employees' work schedules, serving as a dependable resource for harmonizing their work and family life. Click to learn more!",0.5171,POSITIVE,0.9987
10/8/2024,TSMC,"628,491 followers","TSMC has launched a Supplier Environmental Information Digital Platform to monitor suppliers' carbon footprints and encourage them to go greener. This platform equips suppliers with the necessary resources to improve their environmental assessments. As of March, 429 factories have benefited! Click to learn more!",0.5109,POSITIVE,0.9989
10/8/2024,TSMC,"628,491 followers","Are you excited for the upcoming  hashtag #TSMCTechSymposium24 in Santa Clara on April 24th? Don't miss this opportunity to discover how our leading-edge silicon technology is driving crucial innovations that power AI.  We're eager to know what topic you're most excited about. Vote it and find more at:  Join the conversation with the hashtags , and .",0.5266,POSITIVE,0.9923
10/8/2024,TSMC,"628,491 followers","hashtag #TSMC Arizona‚Äôs first fab is on track to begin production leveraging 4nm technology. The second fab will produce the world‚Äôs most advanced 2nm process technology with next-generation transistors in addition to the previously announced 3nm technology. Our newly announced third fab will produce chips using 2nm and/or more advanced processes, with production beginning by the end of the decade. Each of the three fabs, like all of TSMC‚Äôs advanced fabs, will have area approximately double the size of an industry standard logic fab.  Through increasing our capacity for leading-edge technology at , we will be supporting our customers to unleash innovations in all different fields including , and .  Watch this video to understand more about the exciting we will make possible in , .",0.5406,POSITIVE,0.9976
10/8/2024,TSMC,"628,491 followers","Today, the U.S. Department of Commerce and  hashtag #TSMCArizona announced up to US$6.6 billion in direct funding under the CHIPS and Science Act, to meet strong customer demand leveraging the most advanced process technology in America.  As the company makes progress in completing its first fab and continues construction of its second fab, it has now also announced plans for a third fab, bringing TSMC‚Äôs total capital expenditure for the , site to more than US$65 billion. This makes it the largest foreign direct investment (FDI) in Arizona history, and the largest FDI in a greenfield project in U.S. history. Now with a third fab, TSMC Arizona will create approximately 6,000 jobs ‚Äì and more than 20,000 accumulated unique construction jobs, as well as tens of thousands of indirect supplier jobs.  TSMC‚Äôs over 500 customers include some of the world‚Äôs best known technology companies. As their foundry partner, helps them unleash their innovations by supporting capacity for leading-edge technology.  To hear what they have to say and to learn more, click here:",0.5462,POSITIVE,0.9984
10/8/2024,TSMC,"628,491 followers","As Women‚Äôs History Month comes to a close, TSMC proudly honors the unwavering strength and resilience of women worldwide. Gender diversity is a cornerstone of our success, and we recognize the pivotal role that women play in driving innovation and progress. We stand grateful to the trailblazing women who paved the way for future generations, and we remain steadfast in our commitment to empowering women in and out of the workplace. Our Women@TSMC Employee Resource Group has been a catalyst for connecting and developing women, enabling them to unleash their full potential. This year marks the second anniversary of Women@TSMC, and we couldn't be prouder. At TSMC, we celebrate women every day of the year, as they continue to inspire us and make us proud.",0.5309,POSITIVE,0.9972
10/1/2024,TSMC,"628,491 followers","TSMC is dedicated to fostering a sustainable and inclusive digital environment. Officially unveiled in January 2024, our revamped ESG website adheres to the ""Web Sustainability Guidelines"" and ""Web Content Accessibility Guidelines"" established by the World Wide Web Consortium. As a result, the website has reduced energy consumption by 9% and carbon emissions by 28% while improving user accessibility. Click to learn more!",0.5091,POSITIVE,0.9736
10/1/2024,TSMC,"628,491 followers","Our flagship event,  hashtag #TSMCTechSymposium24, is just a month away! We are kicking off with the North American Technology Symposium on April 24th in Santa Clara.  This year, we will focus on POWERING AI WITH SILICON LEADERSHIP, which highlights TSMC's advanced technology leadership and how our solutions in Automotive, IoT, and 3DFabric are empowering AI productivity.  Don‚Äôt miss out and join us to unleash innovation in the age of AI.  For more details and to register: Now share and use to express your anticipation for the event!",0.5596,POSITIVE,0.9901
10/1/2024,TSMC,"628,491 followers","hashtag #MIT has recently uncovered research that shows a spike in large foreign-owned factory projects in America. The research shows that since 2000, U.S. manufacturing jobs have declined, and output has been flat. However, foreign-owned factory investments have increased substantially with the foreign direct investment (FDI) position in manufacturing more than doubling in the past 10 years. Since COVID, the number of ‚Äúbillion dollar factories‚Äù supported with foreign direct investment has tripled. These Large FDI projects are concentrated in three sectors ‚Äì semiconductors, chemicals, and automotive.  The rise in FDI and large foreign-owned factory projects matters because foreign-owned factories typically invest more in technology than their U.S. peers. Past evidence suggests that these investments can help raise the bar for U.S. factories and have positive spillovers to the regions where the investments happen.  Take a peek at the infographic for the initial MIT research results here:",0.521,NEGATIVE,0.9942
10/1/2024,TSMC,"628,491 followers","At TSMC, we shield customers‚Äô secrets like our own. With ten fabs passing ISO/IEC 15408 site certification, TSMC's security protection system is recognized internationally for high-security chip production, enabling timely production to meet customers' market demands. Click to learn more!  üëâ",0.5275,POSITIVE,0.9997
10/1/2024,TSMC,"628,491 followers","At TSMC, we are deeply committed to being a responsible corporate citizen and reducing our carbon footprint. That is why we are partnering with Apple to invest in the Restore Fund which is dedicated to investing in sustainable and high-quality nature-based carbon removal projects, while also protecting critical ecosystems around the world. TSMC will invest up to $50 million in the Restore Fund which will pool sustainably managed agriculture projects with ecosystem conservation and restoration projects to generate both carbon and financial benefits.  As a world-leading semiconductor company, we understand the impact climate change has on our environment and on humanity. We are committed to reducing our carbon emissions and have already implemented several measures to reach our goal of net zero emissions by 2050. We will continue to actively evaluate and invest in all types of opportunities to reduce carbon emissions.  To learn more about the Restore Fund and our commitment, click here:",0.5405,POSITIVE,0.9965
10/1/2024,TSMC,"628,491 followers","TSMC promotes diversity and inclusion through supporting Employee Resource Groups such as Women@tsmc, Global Family@tsmc, and Accessibility@tsmc and organizes various campaigns to embrace differences. Through these initiatives, TSMC strives to foster a workplace where everyone feels appreciated, respected, and empowered to succeed. Click to learn more!",0.5039,POSITIVE,0.9946
10/1/2024,TSMC,"628,491 followers","TSMC Arizona would not be possible without our valued construction partners. In honor of Women in Construction Week, we wanted to shine a spotlight on the skilled women who show up each day on our project site. The dynamic women who work in this industry are trailblazers, problem-solvers, and often a mentor to other females who aspire to join the construction industry. We want to thank these women for their commitment and their significant contribution to building one of the most advanced chipmaking fabs in the U.S.",0.5256,POSITIVE,0.9994
9/24/2024,TSMC,"628,491 followers","The surge of AI will transform our lives and bring an insatiable demand for computing and power efficiency. Advanced silicon technology lays the foundation for solving the world‚Äôs most complex challenges. At TSMC, we are committed to helping our customers in creating the innovations of the next generation. Join in on the conversation starting this April:",0.5389,POSITIVE,0.9993
9/24/2024,TSMC,"628,491 followers","Since the start of JASM's construction in April 2022, we have maintained excellent progress, allowing us to achieve the significant milestone of celebrating the  hashtag #JASMOpening Ceremony for Phase 1 on February 24th in the presence of our alliance of investors, suppliers, customers, business partners, government and academia. We are truly grateful to the Japanese government and our esteemed partners in whose unwavering support and collaborative efforts have been instrumental in the success of this project.  This video we played at the JASM Opening Ceremony on February 24th underscores the pride felt by many who have helped make JASM a reality.  Building on the success of JASM Phase 1, we are excited to take the next big leap in our commitment to Japan- the construction of JASM Phase 2. The best-in-class specialty semiconductor technology produced at JASM Phase 1 and Phase 2 will open doors for our customers in Japan to explore new possibilities in a variety of industries, from consumer electronics to cutting-edge automotive solutions.",0.5331,POSITIVE,0.9997
9/24/2024,TSMC,"628,491 followers","Today, TSMC held an opening ceremony for its majority-owned subsidiary Japan Advanced Semiconductor Manufacturing, Inc. (JASM) in Kumamoto Prefecture, Japan, bringing together suppliers, customers, business partners, academia and the Japanese government to show appreciation for their continued support and the joint effort that led to the success of the project.  The opening marks a significant milestone for JASM which was established in 2021 and started construction in April 2022, with production targeted to begin by the end of 2024. TSMC and minority investors Sony Semiconductor Solutions (SSS), DENSO and Toyota also recently announced further investment into JASM to build a second fab, which is scheduled to commence construction by the end of 2024 and begin operation by the end of the 2027 calendar year.  Read more about the JASM Opening Ceremony here:",0.5459,POSITIVE,0.9957
9/24/2024,TSMC,"628,491 followers","TSMC Arizona celebrated a ‚Äútopping out‚Äù milestone today ‚Äî signifying the last steel beam being raised into place on a construction project ‚Äî for our second semiconductor fab in Phoenix, Arizona. We also recently achieved the topping milestone on our second fab‚Äôs auxiliary buildings, which will supply the necessary utilities infrastructure to the second fab clean room. We also continue to make significant progress completing our first fab which remains on track to begin production in the first half of 2025.  Once operational, our two fabs at TSMC Arizona will manufacture the most advanced semiconductor technology in the U.S., creating 4,500 direct high-tech, high-wage jobs and enabling our customers‚Äô leadership in the high-performance computing and artificial intelligence era for decades.  Today‚Äôs ceremony was a momentous occasion for TSMC Arizona and our outstanding construction partners. TSMC Arizona CEO Y.L. Wang and President Brian Harrison joined the assembled trade workers and extended thanks for their hard work and valued craftsmanship. At the event, we were proud to stand alongside our important construction partners, including,,,, and.",0.5291,POSITIVE,0.9996
9/24/2024,TSMC,"628,491 followers","In 2020, TSMC unveiled the TSMC Little Baseball Hero Support Program, a mission to enhance coaches' coaching skills, equip them with the right tools, and guide rural students to improve their reading comprehension abilities. The program cultivates a second expertise in coaches and students, enabling them to discover the vast possibilities of the world. Click to learn more!",0.5144,POSITIVE,0.9972
9/24/2024,TSMC,"628,491 followers","On Monday, February 19th, TSMC Senior Vice President of Business Development & Overseas Operation Office, Kevin Zhang, was honored to deliver a keynote speech titled ‚ÄúSemiconductor Industry: Present & Future‚Äù at . Kevin provided a comprehensive update on the semiconductor industry, highlighting its significant impact on the course of human advancement and shedding light on the exciting future of semiconductor innovation. A recording of the presentation is available on YouTube:",0.5252,POSITIVE,0.9964
9/24/2024,TSMC,"628,491 followers","TSMC believes in ""Leaving No One Behind"" and supports communities where we operate. In the United States, TSMC North America employees teamed up with Second Harvest of Silicon Valley to tackle hunger in the southern San Francisco Bay area. By rolling up their sleeves to sort and pack a whopping 187,000+ pounds of produce, they supported 7,480 families in need! Click to learn more!",0.5107,POSITIVE,0.9843
9/24/2024,TSMC,"628,491 followers","TSMC has teamed up with the Ministry of Environment in Taiwan to put on their thinking caps, and huzzah! We‚Äôve came up with the country‚Äôs first ‚ÄúChemical Leasing Model"" encouraging suppliers to enhance recycling technologies and reduce chemical usage, setting a new milestone in resource recycling. Click to learn more!",0.52,POSITIVE,0.9975
9/24/2024,TSMC,"628,491 followers","TSMC is pleased to be recognized in Fortune Magazine's 2024 list of the ‚ÄúWorld's Most Admired Companies‚Äù. The list recognizes global businesses with strong corporate reputations based on various factors including financial performance, quality of management, social responsibility and ability to attract talent. This accolade reaffirms our commitment to unleashing innovation in the semiconductor industry as well as our dedication to workplace diversity and inclusion. Fueled by our core values: Integrity, Commitment, Innovation and Customer Trust, we will continue our mission to be the trusted technology and capacity provider of the global logic IC industry for years to come.",0.5335,POSITIVE,0.9996
9/17/2024,TSMC,"628,491 followers","Curious about how TSMC fosters an all-encompassing ESG culture? Look no further than the TSMC ESG AWARD ‚Äì a fun-packed jamboree of engaging competitions and sustainable initiatives! Now in its fourth year, the event's popularity has surged, with a 68% increase in employee submissions. Click to learn more!",0.5422,POSITIVE,0.9987
9/17/2024,TSMC,"628,491 followers","At TSMC, we take sustainability seriously! As a practitioner of green power, we equip ourselves with AI-powered water chillers and energy-smart fan blades. So far, we've fine-tuned 83 fan blades across our existing fabs and added 65 super-efficient blades in new fabs, saving 6.54 million kWh of electricity! Let's continue to conserve energy! Click to learn more!",0.5354,POSITIVE,0.9997
9/17/2024,TSMC,"628,491 followers","TSMC is taking the lead in sparking creativity in the tech world, starting with the next generation! How? One action involves launching a mini-course titled ""Semiconductors in Our Life"" for high school students. And get this, we're not stopping there! TSMC is supercharging the teachers too, by giving them the training to inspire the next wave of inventors. As of December 2023, 27 teachers from 12 schools have powered up with this program, spreading their newfound knowledge and ready to ignite the semiconductor knowledge of their students! Click to learn more!",0.5185,POSITIVE,0.9654
9/17/2024,TSMC,"628,491 followers","Attention Aspiring Authors! The TSMC Youth Literature Award hosted by TSMC Education and Culture Foundation, is marking its 20th anniversary with the theme 'Blossoming' for senior and vocational high school students. In the past two decades, this competition has amassed an astonishing 13,752 entries! Ready to spread your literary wings? Click to learn more!",0.5067,POSITIVE,0.9987
9/17/2024,TSMC,"628,491 followers","Please join us at  hashtag #ISSCC2024 on Monday, February 19th and hear from our SVP Business Development & Overseas Operations Office, Kevin Zhang, who will share the latest progress of the semiconductor industry and how it supports a vast spectrum of applications that will shape the trajectory of human progress. Register now to join all the technology enthusiasts and industry experts to discover the latest in solid-state circuits:",0.5372,POSITIVE,0.957
11/26/2024,TSMC,"628,491 followers","As the year comes to a close, we at TSMC would like to extend our warmest season's greetings and well-wishes to you all. May your holidays and New Year be a time of abundant joy and prosperity!",0.5942,POSITIVE,0.9957
11/26/2024,TSMC,"628,491 followers","One of the guiding principles for ESG at TSMC is ‚ÄúCaring for the Underprivileged.‚Äù In the spirit of that commitment, this year TSMC  hashtag #Arizona joined as one community with our construction partners to bring holiday cheer and compassion to children across the greater Phoenix area. Each year,leads an annual toy drive for children of families experiencing financial struggles during the holiday season. The Forgotten Angel program ensures that all children will receive a gift in time for the holidays. Together, our employees donated over 800 toys for the Salvation Army‚Äôs annual ‚ÄúForgotten Angel‚Äù campaign.  It was our honor to join with, Propersys,,, Onsite Medical and many more of our supplier partners to support this wonderful organization and worthy cause.",0.5293,POSITIVE,0.9929
11/26/2024,TSMC,"628,491 followers","TSMC's Taiwan fabs achieved a significant milestone in October, becoming the world's first semiconductor facilities to jointly obtain the highest platinum rating for UL 2799 certification. Our commitment to sustainability spans every aspect of operations and continues to strive towards the goal of net zero emissions in 2050. Click to learn more!",0.5322,POSITIVE,0.9996
11/26/2024,TSMC,"628,491 followers","Water is life, and TSMC is committed to protecting it! In response to the UN Sustainable Development Goal 6, TSMC has launched the ""Hypochlorous Acid Conversion System"" to reduce residual chlorine in discharged water by 99%. The approach resulted in the reduction of carbon emissions by 752 tons, saving NT$31.7 million and 6,029 tons of sodium hypochlorite. Let's work together to create a greener future! Click to learn more!",0.52,POSITIVE,0.9988
11/26/2024,TSMC,"628,491 followers","TSMC subsidiary, WaferTech, recently celebrated the announcement of its official name change to TSMC Washington. The name change is a reflection of TSMC‚Äôs deep-rooted connection with its subsidiaries. It also aligns with TSMC's strategic efforts to establish a unified corporate identity across all subsidiaries as part of the company's global expansion. The transition to TSMC Washington signifies a strategic move to leverage TSMC's unparalleled global reputation to amplify the subsidiary‚Äôs presence in business engagements, strengthen partnerships, and solidify its status as a destination for top talent in the United States semiconductor industry.  Read more about the name change to TSMC Washington here:",0.5346,POSITIVE,0.9992
11/26/2024,TSMC,"628,491 followers","In a ground-breaking move, TSMC's ""Energy-saving and Heat-reducing Two-stage Project"" has given 1,261 pipeline heating devices in our factories a major makeover, improving energy efficiency through device optimization and innovative materials. The result? We've saved 44.61 million kWh of electricity and 22,000 tons of carbon emissions! Click to learn more!",0.5275,POSITIVE,0.9999
11/26/2024,TSMC,"628,491 followers","Another milestone achieved! TSMC is revamping the manufacturing game with the ""Electronic-grade Chemicals Recycling Project,"" in which recycled waste liquids are being transformed into electronic-grade products that meet TSMC's quality standards. The latest success story? For the first time, the recycled cyclopentanone is being reprocessed into a product already in use at TSMC's AP3 plant, considerably reducing in new liquid procurement and carbon emissions. Click to learn more!",0.531,POSITIVE,0.998
11/26/2024,TSMC,"628,491 followers","TSMC just concluded its 2023 Supply Chain Management Forum at the Ambassador Hotel in Hsinchu, Taiwan, presenting awards and thanking our supplier partners for their support and outstanding contributions over the past year. Despite the challenges faced by the global supply chain, TSMC has worked closely with our partners to achieve operational resilience and optimize production efficiency for specialty and advanced process technologies, including 3nm and beyond. TSMC‚Äôs close collaboration with suppliers allowed us to effectively expand our global manufacturing footprint, unleashing customers‚Äô innovation with leading technology and outstanding manufacturing services.  This year's forum focused on sustainability, with Lora Ho, our Senior Vice President of Human Resources and ESG Committee Chairperson, delivering a keynote speech and industry experts from,,anddiscussing the topic of ""Unleashing Supply Chain Power to Transform the World"". We are proud of our collaboration with our supplier partners and look forward to continuing our journey towards a sustainable future together.  A special congratulations to all the suppliers who won the TSMC Excellent Performance Award this year for their outstanding performance in technology collaboration, global production support, green manufacturing, fab construction management, production capacity, quality control and other categories.  Read more about the TSMC 2023 Supply Chain Management forum and see the full list of award winners:",0.546,POSITIVE,0.9918
11/26/2024,TSMC,"628,491 followers","TSMC is taking innovation to the next level with the new 3DFabric Alliance in the Open Innovation Platform¬Æ (OIP) ecosystem! To accelerate 3D IC technology innovation, TSMC hosted 3DFabric Alliance Workshops worldwide to enhance design efficiency and collaborate with partners to improve system-level design productivity. Click to learn more!",0.534,POSITIVE,0.9985
11/26/2024,TSMC,"628,491 followers","The  hashtag #Arizona Building and Construction Trades Council ( hashtag #AZBTC) is a vital partner to TSMC Arizona in the construction of our leading-edge semiconductor manufacturing operation in , which has already created thousands of prevailing-wage construction jobs for its members. Today, we are pleased to share that and the AZBTC have started a new chapter of partnership and collaboration.  This agreement outlines priorities that will guide the relationship and it extends our partnership across specific areas of cooperation, which include the following: -Enhanced workforce training and development -Shared commitment to site safety -Industry leading, global workforce -Open and regular communication  We have approximately 12,000 workers on the Phoenix site daily. This agreement with AZBTC reinforces our deep commitment to our trade workforce and the Arizona community at-large.",0.5365,POSITIVE,0.9993
