date,headline,PTR Sentiment,Flair Outlook,Flair Score
11/22/2024,"My 10 worst performers so far. Started on Oct 25, 2023",0.512,NEGATIVE,1.0
11/06/2024,+$1000 in My Portfolio Thanks to TSLA's 12% Jump â€“ Other Sectors Hit Hard,0.5143,POSITIVE,0.8841
11/03/2024,Need 1 more stock for a set of 10 to build on,0.6188,NEGATIVE,0.9669
11/01/2024,"Updated Valuations: LRCX, FSLR, MEDP, V, GOOGL, and MSFT",0.5019,POSITIVE,0.8267
10/08/2024,Need advice on these picks,0.4967,POSITIVE,0.9737
08/09/2024,Think I got a solid group,0.5813,POSITIVE,0.9935
07/25/2024,"Given the recent, relatively sizeable dips in the market what stocks are you looking at entering/adding too",0.543,NEGATIVE,0.918
07/17/2024,Stocks on my watchlist for Thursday,0.5517,NEGATIVE,0.6795
07/17/2024,"Capital One pledges $265 billion in lending, philanthropy as it tries to clinch Discover deal",0.527,POSITIVE,0.6831
07/12/2024,These are the stocks on my watchlist (7/12),0.5625,POSITIVE,0.9885
07/03/2024,AVGO - thoughts before the split?,0.5067,POSITIVE,0.8284
06/21/2024,My 5 Year plan (any advice?),0.7117,POSITIVE,0.8763
06/10/2024,"Hey guys, I'm paper trading with Webull...",0.5908,NEGATIVE,0.5995
06/07/2024,50 Most Valuable Companies Worldwide,0.5467,POSITIVE,0.9997
04/05/2024,New equity to add to my portfolio? Opinions.,0.599,POSITIVE,0.9741
02/21/2024,Capital One to Buy Discover in $35 Billion Deal. Why Visa and Mastercard Stocks Are Falling.,0.559,NEGATIVE,0.9689
02/20/2024,Capital One Buying Discover,0.535,POSITIVE,0.9444
12/20/2023,Do these across the board falls that like just happened 2 mins ago have to do with interest rates or whatâ€™s going on?,0.5155,NEGATIVE,0.9999
12/06/2023,What I'm doing wrong? Portfolio,0.655,NEGATIVE,0.9986
10/27/2023,I love these days,0.51,POSITIVE,0.9959
10/01/2023,Lineup for my son - been putting in since he was born,0.505,POSITIVE,0.9999
09/14/2023,What just happened to Visa?,0.5025,NEGATIVE,0.9532
08/28/2023,Doing DD for the 1st time using Barronâ€™s. What do the red numbers mean? That Visa saved or spent 87M on Unusual Expenses?,0.51,POSITIVE,0.5634
07/23/2023,Rate my portfolio as a beginner (almost 2 months),0.538,NEGATIVE,0.8698
07/04/2023,"The Most Profitable U.S. Stocks, by Sector:",0.5375,POSITIVE,0.9972
07/03/2023,THE TECH GIANTS RISE,0.5483,POSITIVE,0.9965
06/22/2023,The S&P 500 Index Fund Visualized:,0.5088,POSITIVE,0.9624
05/30/2023,3 cheap Fintech Stocks to buy before the comeback.,0.568,NEGATIVE,0.9989
05/23/2023,Why did VISA $V just collapse this morning?,0.5038,NEGATIVE,0.9996
04/24/2023,"Microsoft ($MSFT), Meta ($META), and Google ($GOOGL) lead earnings waves.",0.5344,POSITIVE,0.9154
04/10/2023,A Deep Dive on PayPal: Is it a good time to Buy? [DD],0.5571,NEGATIVE,0.9991
03/29/2023,Visa (V) Makes Second Bid of $1.4B to Acquire Brazilian Pismo,0.5206,NEGATIVE,0.9044
03/26/2023,Grade this portfolio based on a aggressive long term growth 10-20 year hold,0.6378,POSITIVE,0.9995
03/21/2023,Pretty new,0.6975,POSITIVE,0.9996
03/08/2023,Market after Powell strikes ðŸ’¥,0.56,NEGATIVE,0.7917
03/03/2023,"Started a few months ago, and so far it's not so bad. I tried to pick some other stocks like AXP, BAC and XOM. Which stocks you guys think would be more suitable for my portfolio??",0.5297,NEGATIVE,0.9045
02/20/2023,Is Visa better than Mastercard,0.525,NEGATIVE,0.7303
02/14/2023,MICT (Tingo Mobile) (NASDAQ: MICT) signs deal with Visa for TingoPay!,0.5378,NEGATIVE,0.9194
01/27/2023,(1/27) Friday's Pre-Market Stock Movers & News,0.6492,POSITIVE,0.796
01/24/2023,"MAssive NYSE Halts in NYSE after Technical Issue - Walmart, Visa, Target, Nike, McDonald's, Verizon among those halted",0.51,NEGATIVE,0.9999
01/23/2023,(1/23) Monday's Pre-Market Stock Movers & News,0.6408,NEGATIVE,0.6526
01/22/2023,Next weeks economic events and potential earnings,0.565,POSITIVE,0.9687
01/21/2023,"Most Anticipated Earnings Releases for the week beginning January 23rd, 2023",0.5686,POSITIVE,0.9756
01/21/2023,Next Week Earnings Releases by Implied Movement,0.585,NEGATIVE,0.9965
01/20/2023,Earnings for Next Week,0.6617,POSITIVE,0.7509
01/14/2023,Just received a FREE recommendation from my new investment adviser. Do you agree or disagree?,0.57,NEGATIVE,0.8955
12/08/2022,Largest IPOs worldwide,0.535,POSITIVE,0.9106
12/01/2022,NASDAQ: MICT closes its deal to acquire Tingo Mobile. Consolidated pro-forma revenues to exceed $1 billion,0.5385,NEGATIVE,0.9824
11/23/2022,"Who went to Europe this year? Strong dollar, covid-fever - all good things for tourism to Europe from the US -- American tourists plus high regional demand helped Europe top the list of fastest recovering tourism economies in the world (68% of world's international arrivals through Sep YTD)",0.5525,POSITIVE,0.9979
10/27/2022,$APCX,0.5,NEGATIVE,0.9732
10/23/2022,economic news + notable earnings for this upcomming week.,0.5775,POSITIVE,0.9964
10/22/2022,"Most Anticipated Earnings Releases for the week beginning October 24th, 2022",0.5643,POSITIVE,0.9747
10/17/2022,"Mastercard will help banks offer cryptocurrency transactions, do you think this move will have a positive effect on future sales of Mastercard?",0.5604,NEGATIVE,0.6565
10/03/2022,"Building Better Inflation Indices using E-Commerce, Payment Gateway, & Other Tech Company Data",0.5862,POSITIVE,0.9536
09/14/2022,Stock Market Performance for 14th September,0.656,POSITIVE,0.8876
09/08/2022,Some Interesting Takeaways from Living in a Country with Very High Inflation!,0.515,POSITIVE,0.9992
09/02/2022,"Wall Street Week Ahead for the trading week beginning September 5th, 2022",0.5672,POSITIVE,0.9166
08/29/2022,Largest public companies in 2000 vs 2022,0.5675,POSITIVE,0.9926
08/19/2022,Biggest companies in the world since 2000 by market capitalization,0.5883,POSITIVE,0.9994
07/22/2022,How can international students in USA invest in the US stock market?,0.6229,NEGATIVE,0.9162
06/07/2022,AppTech Payments Corp. (NASDAQ: APCX) - Fundamental Analysis,0.515,POSITIVE,0.9752
04/25/2022,"Here is a Market Recap for today Monday, April 25, 2022",0.593,NEGATIVE,0.9808
04/14/2022,Visa Infographics: Historical Perf & FY 22 Est.,0.5,POSITIVE,0.8221
04/04/2022,"Rate my portfolio. New to investing focused on growth plan on building this to 20k this year as these stocks fall. Looking to add fiverr, baba, , MasterCard. Advice/thoughts. Appreciated.",0.5752,POSITIVE,0.8153
03/07/2022,Here's Your Daily Market Brief For March 7th,0.542,NEGATIVE,0.9933
03/06/2022,"Visa, Mastercard Grant Zelensky's Request, Ban All Operations in Russia",0.5431,NEGATIVE,0.9989
03/04/2022,Here's Your Daily Market Brief For March 4th,0.543,NEGATIVE,0.9872
02/17/2022,Here's Your Daily Market Brief For February 17th,0.557,NEGATIVE,0.9953
02/15/2022,"Is Visa Stock A Buy As Earnings Top Estimates? Visa (V) has a strong earnings track record and is making more moves in digital payments. Is Visa stock a buy right now? On Jan. 13, announced a new platform, Acceptance Cloud (VAC). VAC expands its ""Tap to Phone"" payment solution.",0.5855,NEGATIVE,0.998
02/09/2022,Here's Your Daily Market Brief For February 9th,0.557,NEGATIVE,0.9942
01/31/2022,Here's Your Daily Market Brief For January 31st,0.558,NEGATIVE,0.9979
01/28/2022,Visa stock gains as quarterly revenue tops $7 billion for the first time,0.5861,POSITIVE,0.9874
01/24/2022,"Here is a Market Recap for today Monday, January 24, 2022",0.597,NEGATIVE,0.9911
01/19/2022,Here's Your Daily Market Brief For January 19th,0.556,NEGATIVE,0.9979
01/18/2022,Here's Your Daily Market Brief For January 18th,0.555,NEGATIVE,0.9964
01/11/2022,"Here is a Market Recap for today Tuesday, January 11, 2022",0.602,NEGATIVE,0.9807
01/10/2022,Stocks that Benefit from Rising Interest Rates,0.54,POSITIVE,0.9917
12/16/2021,(12/16) Thursday's Pre-Market Stock Movers & News,0.645,POSITIVE,0.6718
11/20/2021,"After Amazonâ€™s dramatic move to block Visa credit cards, businesses sound the alarm: Card fees are out of control - Mosttraded.com",0.5073,NEGATIVE,0.985
11/18/2021,Here's Your Daily Market Brief For November 18th,0.557,NEGATIVE,0.9948
11/18/2021,(11/18) Thursday's Pre-Market Stock Movers & News,0.645,POSITIVE,0.6104
11/17/2021,(11/17) Wednesday's Pre-Market Stock Movers & News,0.6433,NEGATIVE,0.7351
11/01/2021,Transatlantic Flights Are Set to Boost Oil Demand by a Quarter Million Barrels a Day,0.582,POSITIVE,0.8867
10/27/2021,(10/27) Wednesday's Pre-Market Stock Movers & News,0.6433,NEGATIVE,0.6818
10/26/2021,"Here is a Market Recap for today Tuesday, October 26, 2021. Please enjoy!",0.5693,POSITIVE,0.988
10/19/2021,Facebook will pay up to $14 million to settle claims it favored foreign workers.,0.5513,NEGATIVE,0.9997
10/19/2021,Facebook settles claims it discriminated against U.S. workers for some jobs in favor of temporary visa holders. Facebook settled claims that it refused to recruit or hire U.S. workers for positions it set aside for temporary holders with the Department of Justice.,0.4913,NEGATIVE,0.9988
10/17/2021,End of Week most Speculative and Reactive tickers in stock market news coverage (10/11-10/15),0.6056,NEGATIVE,0.9939
10/17/2021,End of Week most Optimistic and Pessimistic tickers in stock market news coverage (10/11-10/15),0.6067,NEGATIVE,0.5436
09/27/2021,Here's Your Daily Market Brief For September 27th,0.561,NEGATIVE,0.9941
09/06/2021,"I scanned over 150 charts this weekend. Here are some good setups I found to BTFD: V, UPS, PRPL, PATH",0.5095,POSITIVE,0.9133
08/27/2021,The most mentioned stocks in the news the over a three day period (8/22-8/25),0.5892,NEGATIVE,0.7187
08/25/2021,"So Visa stock just jumped, after buying an NFT. What is everyone's take on the Fortune 500 getting into NFTs?",0.5515,NEGATIVE,0.9995
08/22/2021,OnlyFans: The P*rn Empire with no P*rn?,0.5058,POSITIVE,0.7779
08/17/2021,"Here is a Market Recap for today Tuesday, August 17, 2021",0.599,NEGATIVE,0.9439
08/10/2021,Stocks with the most optimistic sentiment in this weekend's news coverage,0.5358,POSITIVE,0.9696
08/01/2021,"I calculated the intrinsic value of big tech stocks, using the latest Q2 earnings. Here is what I found",0.5564,NEGATIVE,0.7011
07/28/2021,"Here is a Market Recap for today Wednesday, July 28, 2021",0.604,NEGATIVE,0.9736
07/25/2021,"Sell Chinese, buy American?",0.5625,NEGATIVE,0.9961
07/22/2021,"Square, Inc. I did some research and here are my thoughts.",0.5238,POSITIVE,0.9843
07/20/2021,[Stock Discovery Method] Social Media Analysis And News Sentiment data.,0.5689,POSITIVE,0.8967
07/19/2021,[DD] DocuSign (DOCU),0.5083,NEGATIVE,0.9941
07/15/2021,"Here is a Market Recap for today Thursday, July 15, 2021",0.606,NEGATIVE,0.9566
07/09/2021,"Here is a Market Recap for today Friday, July 9, 2021. Please enjoy!",0.58,POSITIVE,0.9805
07/07/2021,"Visa, Mastercard, And PayPal Are Stepping Up Their Cryptocurrency Game",0.5033,NEGATIVE,0.9975
07/05/2021,10 Biggest Hedge Fund Casualties of Reddit WallStreetBetsâ€™ Short Squeezes,0.5012,NEGATIVE,0.9997
06/28/2021,Introductions,0.5,POSITIVE,0.995
06/24/2021,Wells Fargo Top 50 Holdings,0.5188,POSITIVE,0.9994
06/23/2021,Bank of America Top 50 Holdings,0.5625,POSITIVE,0.9995
06/20/2021,Top 10 Highest Earning ETFs,0.52,POSITIVE,0.9999
06/02/2021,"$BTWN & Traveloka: Peter Thielâ€™s Growth, Value, and Reopening Target Company",0.62,POSITIVE,0.9883
05/27/2021,Public Company TechX Technologies Is Making Significant Acquisitions in the Crypto Industry,0.6139,POSITIVE,0.9972
05/21/2021,Is it wise to invest in Coca Cola for Dividends?,0.508,NEGATIVE,0.9955
05/04/2021,"Here is a Market Recap for today, Tuesday, May 4, 2021",0.605,NEGATIVE,0.784
05/03/2021,"Here is a Market Recap for today Monday, May 3, 2021",0.6,NEGATIVE,0.9717
04/28/2021,"Here is a Market Recap for today Wednesday, April 28, 2021",0.596,NEGATIVE,0.9706
04/26/2021,What's Happening in the Markets: Week of 4/26/2021,0.59,POSITIVE,0.8307
04/23/2021,DD on fast growing fintech - KSPI.IL (one of ARKF's stock picks),0.555,POSITIVE,0.941
04/01/2021,"Writing on the Wall: Bitcoin and how to play it with MARA, RIOT, CAN",0.5108,POSITIVE,0.9729
03/29/2021,"Here is a Market Recap for today Monday, March 29, 2021",0.582,NEGATIVE,0.9882
03/22/2021,"Here is a Market Recap for today Monday, March 22, 2021",0.582,NEGATIVE,0.9844
03/16/2021,"Here is a Market Recap for today Tuesday, March 16, 2021. Please enjoy!",0.5629,POSITIVE,0.9879
03/14/2021,"Wall Street Week Ahead for the trading week beginning March 15th, 2021",0.5561,POSITIVE,0.7822
03/09/2021,Beaten down stocks I am eyeing in this market,0.5938,NEGATIVE,0.9986
03/03/2021,$QUIS gains access to Microsoftâ€™s sales team! $3 by spring likely,0.5688,POSITIVE,0.7555
03/03/2021,(3/3) Wednesday's Pre-Market Stock Movers & News,0.6433,POSITIVE,0.6243
02/20/2021,When will the Bitcoin hype start to come back?,0.501,NEGATIVE,0.9994
02/03/2021,Disappointed with Robinhood and moving to another broker? Here's a recent DD I did on SoFi,0.5125,NEGATIVE,0.9999
02/02/2021,Visa and SkipTheDishes Deliver Real-Time Payments via Stripe,0.5312,POSITIVE,0.7807
02/02/2021,Taxation Thread,0.5,NEGATIVE,0.9886
01/24/2021,Long term with these stocks or better off with something like VOO or QQQ?,0.5525,POSITIVE,0.8453
01/21/2021,I thank I've come up with a great selection of Trading 212 pies. Most are based on my individual investments and background/experience in tech. Any feedback or suggestions would be greatly appreciated?,0.5228,POSITIVE,0.9872
01/17/2021,Is it crazy if I invest half of my college savings into stock market?,0.595,NEGATIVE,0.9985
01/14/2021,"Daily Market Recap - Thursday, January 14, 2021",0.569,NEGATIVE,0.5452
01/13/2021,"Daily Market Recap - Wednesday, January 13, 2021",0.567,NEGATIVE,0.6754
01/13/2021,"Today's Pre-Market Movers & News [Wednesday, January 13th, 2021]",0.58,POSITIVE,0.6822
01/10/2021,Guess the Company #6 (due diligence / ticker trivia),0.6158,NEGATIVE,0.9998
01/08/2021,Top 50 Companies by Market Cap and the Percentage Owned of Each by Institutional Investors,0.5663,POSITIVE,0.9997
01/04/2021,Exercise or trade options?,0.52,NEGATIVE,0.9911
12/08/2020,1 year taxes vs short term,0.643,NEGATIVE,0.9229
12/03/2020,"Here is a Market Recap for today Thursday, December 3, 2020. Please enjoy!",0.575,POSITIVE,0.9778
12/01/2020,Good companies to invest in this December.,0.5763,POSITIVE,0.9965
11/27/2020,TSNP merging with HUMBL needs to be on HIGH ALERT,0.5158,NEGATIVE,0.955
11/07/2020,Swish (Venmo/Cashapp/Ewallet) of Sweden Surpasses Cash in Transaction Volume!,0.52,POSITIVE,0.5835
10/28/2020,Earnings season is getting interesting,0.5588,POSITIVE,0.9829
10/26/2020,"Here is a Market Recap for today Monday, October 26, 2020",0.591,NEGATIVE,0.9813
10/26/2020,Z1P (ASX) at a massive discount,0.5012,POSITIVE,0.994
10/15/2020,"Could you guys give your opinion about this stocks portfolio, please? Percentage distribution is not exact.",0.524,NEGATIVE,0.9985
09/04/2020,Question about Taxes for Day Trading - Any Germans living abroad?,0.5121,NEGATIVE,0.9987
08/27/2020,Help with diversification,0.5125,POSITIVE,0.9869
08/27/2020,Replicating ARK,0.5,POSITIVE,0.9995
08/21/2020,"Wall Street Week Ahead for the trading week beginning August 24th, 2020",0.5628,POSITIVE,0.8688
07/25/2020,"Wall Street Week Ahead for the trading week beginning July 27th, 2020",0.5667,POSITIVE,0.8384
07/23/2020,Which Investment Would You Choose?,0.5367,NEGATIVE,0.9646
07/21/2020,Newbie question,0.5025,NEGATIVE,0.6101
07/03/2020,Thoughts on the % in my portfolio?,0.535,POSITIVE,0.8814
06/18/2020,Let me know what you think of my new approach! (all advice welcome),0.5764,POSITIVE,0.9655
06/12/2020,Does PDT rule apply for cash account on TD Ameritrade? (not US citizen),0.5139,NEGATIVE,0.997
08/27/2019,Significant Insider Trading Activity (Last 7 Days),0.5442,NEGATIVE,0.7696
06/03/2020,How are your investments going?,0.535,NEGATIVE,0.9891
05/29/2020,Significant Insider Trades (Last 7 Days),0.544,NEGATIVE,0.9782
05/21/2020,VISA goes for digital currency blockchain patent,0.5092,NEGATIVE,0.8417
05/01/2020,Legitimate Stock trading app for non US citizen,0.5764,POSITIVE,0.8711
04/26/2020,Opinion on the best large cap investments of q2,0.53,POSITIVE,0.9983
04/25/2020,"Wall Street Week Ahead for the trading week beginning April 27th, 2020",0.5622,POSITIVE,0.8628
04/17/2020,I need advices on my Long Term Portfolio,0.552,POSITIVE,0.9605
04/16/2020,Best current long term investments?,0.582,POSITIVE,0.9997
04/16/2020,Trading earnings reports,0.5833,NEGATIVE,0.615
04/09/2020,"Today's Pre-Market Movers & News [Thursday, April 9th, 2020]",0.5788,POSITIVE,0.7482
03/31/2020,"Today's Pre-Market Movers & News [Tuesday, March 31st, 2020]",0.5731,POSITIVE,0.8018
03/28/2020,"Wall Street Week Ahead for the trading week beginning March 30th, 2020",0.5572,POSITIVE,0.873
03/25/2020,Best long term investments,0.59,POSITIVE,0.9998
03/21/2020,What about investing in long term into stocks that also pay dividends?,0.5879,NEGATIVE,0.8418
03/21/2020,"New to investing and based on what I read about this week, I picked these stocks",0.6186,POSITIVE,0.9988
03/18/2020,Should I invest in great companies that have dropped significantly more than other companies over the past 3 months?,0.5519,POSITIVE,0.7255
03/11/2020,New investor getting into the market during the Coronavirus,0.635,POSITIVE,0.9654
03/04/2020,What are some high caliber stocks you would buy during the dip,0.5683,NEGATIVE,0.9984
03/03/2020,"Today's Stock Market News [Tuesday, March 3rd, 2020]",0.63,NEGATIVE,0.8714
02/20/2020,Paypal is the best financial stock to own as credit card debt rises and credit scores deteriorate. All the people the unemployment data ignores (jobless but not technically unemployed) are hard to project but PayPal will be their go to over larger credit card companies for a long time to come.,0.5362,POSITIVE,0.9873
02/18/2020,Mastercard or Visa ($MA or $V),0.5012,NEGATIVE,0.8067
02/15/2020,This growth fund uses 'popcorn stocks' to beat the market,0.5914,POSITIVE,0.9001
02/11/2020,Fractional Shares,0.505,POSITIVE,0.8115
02/10/2020,"Feb. 8-9, 2020, Asia business news",0.6125,POSITIVE,0.8864
01/31/2020,"Today's Pre-Market Movers & News [Friday, January 31st, 2020]",0.5856,POSITIVE,0.8533
01/31/2020,"Visa, or MasterCard or both?",0.505,NEGATIVE,0.9415
01/31/2020,Visa earnings show why company is diversifying beyond credit cards,0.6225,POSITIVE,0.786
01/30/2020,"Today's Pre-Market Movers & News [Thursday, January 30th, 2020]",0.5825,POSITIVE,0.674
01/20/2020,"What's happening this week? Headlines on Microsoft, Lockheed Martin, Visa and Honeywell",0.5262,NEGATIVE,0.9857
01/16/2020,Visa taps cheaper solar and wind to reach 100% renewable-electricity goal,0.5106,POSITIVE,0.733
01/15/2020,Visa and Mastercard shares are more compelling than those of the big U.S. banks,0.5071,POSITIVE,0.9968
01/13/2020,"Visa to acquire Plaid, the fintech powering Venmo and other banking apps, in $5.3 billion deal",0.5195,POSITIVE,0.7883
01/04/2020,"Wall Street Week Ahead for the trading week beginning January 6th, 2020",0.565,POSITIVE,0.8916
12/30/2019,"What's happening this week? Headlines on Tesla, Amazon, Mastercard and Visa",0.5257,NEGATIVE,0.9517
12/16/2019,"What's happening this week? Headlines on INTC, AAPL, V, AMD and IBM",0.5819,NEGATIVE,0.9114
12/06/2019,Future Price Potential,0.5467,POSITIVE,0.995
12/05/2019,Investing in Future: investment horizon 45 Years,0.543,POSITIVE,0.9993
11/21/2019,Advice on my portfolio capital allocation,0.5262,POSITIVE,0.9795
11/16/2019,PayPal stock (keep it or dump it?!),0.6088,NEGATIVE,0.9997
10/10/2019,Is Fidelity Rewards Visa Signature a credit card or a debit card?,0.5,NEGATIVE,0.6042
09/23/2019,Top company news for the week - 23/09/2019,0.76,POSITIVE,0.996
09/21/2019,"Wall Street Week Ahead for the trading week beginning September 23rd, 2019",0.5672,POSITIVE,0.7544
09/04/2019,Which stocks are in your watchlist ?,0.5625,NEGATIVE,0.9735
08/31/2019,"Wall Street Week Ahead for the trading week beginning September 2nd, 2019",0.5683,POSITIVE,0.7476
08/09/2019,Chase Bank cancels all credit card debt for Canadian customers,0.5306,NEGATIVE,0.9963
07/22/2019,Summary of events for this week and latest news impacting the markets â€” 22/07/2019,0.555,POSITIVE,0.9391
07/20/2019,The Top Investments for 2019,0.5525,POSITIVE,0.9995
07/20/2019,"Wall Street Week Ahead for the trading week beginning July 22nd, 2019",0.5667,POSITIVE,0.661
07/20/2019,Visa and MasterCard,0.505,POSITIVE,0.8277
06/23/2019,When stocks keep hitting their 52 week high at what point do you buy in?,0.5779,NEGATIVE,0.999
06/14/2019,"Uber, Visa, PayPal and Mastercard among big investors in Facebookâ€™s blockchain project ""Libra"" (video)",0.5196,POSITIVE,0.8002
06/07/2019,Long Term Bet,0.57,POSITIVE,0.6628
04/30/2019,Is there any reason to invest in Visa or MasterCard considering eventually their cards will be obsolete? Can they still function without physical cards?,0.5077,NEGATIVE,0.7717
03/02/2019,2019 Growth Portfolio: New position in BEAT,0.657,POSITIVE,0.9989
03/01/2019,How do you think Visa and Mastercard would look in a recession when people have less money to spend? Where do you see them in 10+ years?,0.5129,NEGATIVE,0.9613
02/09/2019,Anyone else looking to getting in on visa? I feel as though it has a lot of room to grow over the next 10 years purely on population growth.,0.533,NEGATIVE,0.7791
02/08/2019,"Today's Pre-Market News [Friday, Feb. 8th, 2019]",0.5864,POSITIVE,0.842
01/30/2019,"Daily Stock Market News [Wednesday, Jan. 30th, 2019]",0.6071,NEGATIVE,0.9788
01/29/2019,"Daily Pre-Market News Digest [Tuesday, Jan. 29th, 2019]",0.5494,NEGATIVE,0.6816
01/25/2019,"Today's Pre-Market Movers & News [Friday, Jan. 25th, 2019]",0.5769,POSITIVE,0.9335
01/21/2019,My Top 10 Stocks for 2019,0.595,POSITIVE,0.9986
11/10/2018,What are at least three good companies to go long on and why?,0.5675,POSITIVE,0.992
10/24/2018,Hold or sell,0.5275,POSITIVE,0.5402
10/19/2018,Investing Education - What to Buy,0.58,POSITIVE,0.9947
10/18/2018,(10/18) - Thursday's Pre-Market Stock Movers & News,0.645,POSITIVE,0.8142
10/12/2018,Stocks to buy after the sell-off,0.6183,NEGATIVE,0.8792
10/03/2018,(x-post from r/investing) An index-plus strategy where you buy the S&P and then buy the top performers in it would not have significantly improved your performance and in fact would have hurt it in the last 30 years.,0.5521,NEGATIVE,0.9948
09/18/2018,(9/18) - Tuesday's Stock Movers & News,0.64,POSITIVE,0.834
08/29/2018,Looking to invest 50k into a longterm stock. Any suggestions?,0.5783,NEGATIVE,0.9978
08/28/2018,JpMorgan Chase,0.5,POSITIVE,0.521
08/11/2018,Rate my Portofolio,0.5,POSITIVE,0.9834
07/28/2018,Visa or MasterCard...?,0.505,NEGATIVE,0.9526
07/11/2018,Help with my portfolio,0.5375,POSITIVE,0.9408
07/09/2018,Will JPM beat the Street?,0.5283,POSITIVE,0.8102
06/20/2018,Fundamental Analysis: BEST INC. $BSTI,0.544,POSITIVE,0.995
05/23/2018,"Visa (V) - Bullish DailyPlay for Thursday May 24th, 2018 | OptionsPlay",0.5137,NEGATIVE,0.9994
03/25/2018,Only six Dow stocks have managed to post a year-to-date gain and the top-performing stock for most of last year and essentially all of this year has been toppled.,0.6659,NEGATIVE,0.9992
03/23/2018,Is it a good idea to pull out of the market now and buy back in later?,0.5807,NEGATIVE,0.9874
03/04/2018,US and China dominates the Public market,0.586,POSITIVE,0.6948
02/13/2018,"Mom wants to switch off GE, has about 18k, where should we move her money?",0.5114,NEGATIVE,0.9999
02/07/2018,Fundamental Analysis Article: Paypal Corp $PYPL,0.5125,NEGATIVE,0.9999
01/31/2018,Visa,0.505,POSITIVE,0.8043
01/18/2018,1/18 Thursday's Pre-Market Stock Movers & News,0.645,POSITIVE,0.5475
01/07/2018,Visa stocks a good buy??,0.6013,POSITIVE,0.6014
12/05/2017,Give me some advice guys,0.5,NEGATIVE,0.8232
10/25/2017,10/25 Wednesday Stock Market Movers & News,0.66,NEGATIVE,0.7746
10/06/2017,3 month chart. Have learned a lot.,0.515,NEGATIVE,0.9939
08/08/2017,8/8 Tuesday's Stock Market Movers & News,0.662,POSITIVE,0.6321
12/18/2024,Thanks for nothing Jerome.,0.5067,NEGATIVE,0.9223
12/19/2024,Thanks for nothing Jerome.,0.5067,NEGATIVE,0.9223
