date,post headline,comments,link,PTR Sentiment,Flair Value,Flair Score
11/20/2024,"NVIDIA Q3 earnings preview: strong AI chip growth, but supply chain and tariff risks raise market concerns?",15,https://www.reddit.com/r/wallstreetbets/comments/1gvqbll/nvidia_q3_earnings_preview_strong_ai_chip_growth/,0.606,NEGATIVE,0.884
11/20/2024,I have taken a bearish position on ASML,73,https://www.reddit.com/r/wallstreetbets/comments/1gvjmvd/i_have_taken_a_bearish_position_on_asml/,0.522,NEGATIVE,0.896
11/14/2024,"South Korea's ""Value Up"" program, and why Korean stocks will boom over the next decade.",96,https://www.reddit.com/r/wallstreetbets/comments/1grc49j/south_koreas_value_up_program_and_why_korean/,0.552,POSITIVE,0.997
11/14/2024,"If you can't surpass them, become an ally! NVIDIA is leading the chip industry",39,https://www.reddit.com/r/wallstreetbets/comments/1gr60dq/if_you_cant_surpass_them_become_an_ally_nvidia_is/,0.566,POSITIVE,0.999
11/10/2024,US ordered TSMC to halt shipments to China of chips used in AI applications,224,https://www.reddit.com/r/wallstreetbets/comments/1gnoe0j/us_ordered_tsmc_to_halt_shipments_to_china_of/,0.551,NEGATIVE,0.997
10/18/2024,TSMC,1,https://www.reddit.com/r/wallstreetbets/comments/1g6g8fo/tsmc/,0.495,POSITIVE,0.757
11/07/2024,Please stop sleeping on this company earnings tm it made me rich asf this year and 10k just today,51,https://www.reddit.com/r/wallstreetbets/comments/1gldil6/please_stop_sleeping_on_this_company_earnings_tm/,0.647,NEGATIVE,1.0
11/03/2024,Sigh... I'm buying Intel,1K,https://www.reddit.com/r/wallstreetbets/comments/1gito05/sigh_im_buying_intel/,0.636,NEGATIVE,0.999
11/02/2024,Why I think TSM/INTC will outpace NVDA/AMD growth in the next decade.,252,https://www.reddit.com/r/wallstreetbets/comments/1ghyq7o/why_i_think_tsmintc_will_outpace_nvdaamd_growth/,0.593,NEGATIVE,0.934
10/31/2024,"Intel CEO ran his mouth: lost a huge 40% discount from TSMC after remarks about Taiwan, China",517,https://www.reddit.com/r/wallstreetbets/comments/1ggb5ro/intel_ceo_ran_his_mouth_lost_a_huge_40_discount/,0.527,NEGATIVE,1.0
10/30/2024,Intel's quarterly revenue expected to fall sharply,17,https://www.reddit.com/r/wallstreetbets/comments/1gfoplm/intels_quarterly_revenue_expected_to_fall_sharply/,0.538,NEGATIVE,0.999
10/30/2024,"If $INTC Intel fuk up this quarter again, i think Gelsinger will likely forced to resign or retire",77,https://www.reddit.com/r/wallstreetbets/comments/1gfiub2/if_intc_intel_fuk_up_this_quarter_again_i_think/,0.525,NEGATIVE,1.0
10/29/2024,Inside Intel: How CEO Pat Gelsinger fumbled the revival of an American icon,23,https://www.reddit.com/r/wallstreetbets/comments/1gf0z96/inside_intel_how_ceo_pat_gelsinger_fumbled_the/,0.526,NEGATIVE,0.768
10/26/2024,TSMC‚Äôs Arizona Chip Production Yields Surpass Taiwan‚Äôs in Win for US Push,84,https://www.reddit.com/r/wallstreetbets/comments/1gcm24k/tsmcs_arizona_chip_production_yields_surpass/,0.528,POSITIVE,0.996
10/25/2024,"NVIDIA Blackwell Ultra AI GPUs To Be Called B300, Feature 12-Hi HBM3E & TSMC CoWoS-L Tech",35,https://www.reddit.com/r/wallstreetbets/comments/1gc2aqm/nvidia_blackwell_ultra_ai_gpus_to_be_called_b300/,0.539,POSITIVE,0.812
10/21/2024,I wait all year for this opportunity - now I'm going to share it with you.,332,https://www.reddit.com/r/wallstreetbets/comments/1g8gajx/i_wait_all_year_for_this_opportunity_now_im_going/,0.717,POSITIVE,0.993
10/18/2024,Investing (in TSMC) makes me feel like a professional loser!,23,https://www.reddit.com/r/wallstreetbets/comments/1g6lecx/investing_in_tsmc_makes_me_feel_like_a/,0.51,NEGATIVE,1.0
10/18/2024,US probes TSMC over potential links to China‚Äôs Huawei,147,https://www.reddit.com/r/wallstreetbets/comments/1g6advi/us_probes_tsmc_over_potential_links_to_chinas/,0.516,NEGATIVE,0.993
10/17/2024,Current top stock gainers include TSMC NVIDIA Blackstone Elevance Health and moreÔºÅ,1,https://www.reddit.com/r/wallstreetbets/comments/1g5vif5/current_top_stock_gainers_include_tsmc_nvidia/,0.568,POSITIVE,0.998
10/17/2024,Predicted this a week ago. Doubled down on the dip. Finally paid off after earnings.,41,https://www.reddit.com/r/wallstreetbets/comments/1g5sn94/predicted_this_a_week_ago_doubled_down_on_the_dip/,0.558,NEGATIVE,0.999
10/17/2024,TSMC stock up 9% premarket,36,https://www.reddit.com/r/wallstreetbets/comments/1g5qjua/tsmc_stock_up_9_premarket/,0.637,NEGATIVE,0.958
10/17/2024,TSMC is going crazy today,40,https://www.reddit.com/r/wallstreetbets/comments/1g5kg21/tsmc_is_going_crazy_today/,0.545,NEGATIVE,0.968
10/17/2024,"TSMC Q3 profit rises 54%, better than forecasts",4,https://www.reddit.com/r/wallstreetbets/comments/1g5kepo/tsmc_q3_profit_rises_54_better_than_forecasts/,0.55,POSITIVE,0.995
10/17/2024,TSMC Q3 profit blows past expectations on strong AI demand,80,https://www.reddit.com/r/wallstreetbets/comments/1g5k7kd/tsmc_q3_profit_blows_past_expectations_on_strong/,0.58,NEGATIVE,0.678
10/17/2024,TSMC Reports Third Quarter,21,https://www.reddit.com/r/wallstreetbets/comments/1g5jzjh/tsmc_reports_third_quarter/,0.539,NEGATIVE,0.991
10/17/2024,"ASML Is A Screaming Buy - The Information Reports on Nvidia and TSMC Having ""Tension"" But The Answer is More Equipment",14,https://www.reddit.com/r/wallstreetbets/comments/1g5fnak/asml_is_a_screaming_buy_the_information_reports/,0.552,NEGATIVE,1.0
10/13/2024,Strong AI and Semiconductor weeks ahead,42,https://www.reddit.com/r/wallstreetbets/comments/1g30ztz/strong_ai_and_semiconductor_weeks_ahead/,0.602,NEGATIVE,0.949
10/13/2024,Intel CEO: Intel foundry business now have 12 active customer engagements,131,https://www.reddit.com/r/wallstreetbets/comments/1g2pkxs/intel_ceo_intel_foundry_business_now_have_12/,0.584,POSITIVE,0.997
10/10/2024,"TSMC/AI Copium will fade and the bubble will burst in one year max, TRUST!",15,https://www.reddit.com/r/wallstreetbets/comments/1g0risa/tsmcai_copium_will_fade_and_the_bubble_will_burst/,0.597,NEGATIVE,0.519
10/10/2024,"When will ""investor"" delusion end?",73,https://www.reddit.com/r/wallstreetbets/comments/1g0evmf/when_will_investor_delusion_end/,0.527,NEGATIVE,0.954
10/09/2024,TSMC Earnings Ahead: Could this cause NVDA to reach new highs?,14,https://www.reddit.com/r/wallstreetbets/comments/1g05kre/tsmc_earnings_ahead_could_this_cause_nvda_to/,0.583,POSITIVE,0.808
10/09/2024,TSMC Q3 Revenue Surpasses Forecast with 36.5% YoY Growth,88,https://www.reddit.com/r/wallstreetbets/comments/1fzkw2w/tsmc_q3_revenue_surpasses_forecast_with_365_yoy/,0.552,POSITIVE,0.903
10/09/2024,TSMC Revenue for September up 39.6% YoY.,16,https://www.reddit.com/r/wallstreetbets/comments/1fzkj0o/tsmc_revenue_for_september_up_396_yoy/,0.536,NEGATIVE,0.968
10/08/2024,"Why I think Intel is a Misunderstood, Undervalued Play ‚Äì A Bet on 18A (+EV DD)",90,https://www.reddit.com/r/wallstreetbets/comments/1fyvlo8/why_i_think_intel_is_a_misunderstood_undervalued/,0.517,NEGATIVE,0.999
10/07/2024,Long-time $AMD Holder (Cost Basis $19.04) Starting to Sell - Anyone Else Disappointed in the Stock in 2024?,8,https://www.reddit.com/r/wallstreetbets/comments/1fykaa3/longtime_amd_holder_cost_basis_1904_starting_to/,0.604,NEGATIVE,1.0
10/05/2024,Intel stock Short term and long-term pros and cons,26,https://www.reddit.com/r/wallstreetbets/comments/1fwjhl5/intel_stock_short_term_and_longterm_pros_and_cons/,0.601,POSITIVE,0.589
09/29/2024,Im sure it will hit above $181.55,35,https://www.reddit.com/r/wallstreetbets/comments/1fse9zx/im_sure_it_will_hit_above_18155/,0.502,POSITIVE,0.95
09/27/2024,Intel: Five reasons why the bottom is in,94,https://www.reddit.com/r/wallstreetbets/comments/1fqrhq4/intel_five_reasons_why_the_bottom_is_in/,0.538,NEGATIVE,0.998
09/18/2024,Apple mobile processors are now made in the USA. By TSMC.,124,https://www.reddit.com/r/wallstreetbets/comments/1fjydb4/apple_mobile_processors_are_now_made_in_the_usa/,0.547,NEGATIVE,0.864
09/18/2024,The Turning of the Tide,43,https://www.reddit.com/r/wallstreetbets/comments/1fjw24q/the_turning_of_the_tide/,0.508,POSITIVE,0.831
09/15/2024,Intel is a good buy,64,https://www.reddit.com/r/wallstreetbets/comments/1fhi4n9/intel_is_a_good_buy/,0.627,POSITIVE,0.995
09/11/2024,Nvidia CEO Says Customer Relations Are ‚ÄòTense‚Äô Due to Shortages,67,https://www.reddit.com/r/wallstreetbets/comments/1fehjvh/nvidia_ceo_says_customer_relations_are_tense_due/,0.548,NEGATIVE,0.992
09/10/2024,TSMC‚Äôs August Revenue Climbs 33% as AI Chip Demand Holds Up,15,https://www.reddit.com/r/wallstreetbets/comments/1fdcxi1/tsmcs_august_revenue_climbs_33_as_ai_chip_demand/,0.567,NEGATIVE,0.898
09/09/2024,Intel is a pretty safe bet and are undervalued,84,https://www.reddit.com/r/wallstreetbets/comments/1fcqxl3/intel_is_a_pretty_safe_bet_and_are_undervalued/,0.52,POSITIVE,0.591
09/05/2024,"[News] A14 Node to Utilize High-NA EUV, with TSMC Likely to Adopt the Technology | TrendForce Insights",4,https://www.reddit.com/r/wallstreetbets/comments/1fa156f/news_a14_node_to_utilize_highna_euv_with_tsmc/,0.529,POSITIVE,0.917
09/04/2024,"Intel announces cancellation of 20A process node for Arrow Lake, goes with 'external nodes,' likely TSMC",130,https://www.reddit.com/r/wallstreetbets/comments/1f959og/intel_announces_cancellation_of_20a_process_node/,0.512,NEGATIVE,1.0
09/04/2024,"China buys more chip tools than South Korea, Taiwan, U.S. combined (ASML, NVDA, TSMC)",71,https://www.reddit.com/r/wallstreetbets/comments/1f90yxi/china_buys_more_chip_tools_than_south_korea/,0.521,NEGATIVE,0.954
09/04/2024,Reflection on Intel and its recent news,19,https://www.reddit.com/r/wallstreetbets/comments/1f8vmnv/reflection_on_intel_and_its_recent_news/,0.556,POSITIVE,0.938
08/29/2024,Intel CEO Gelsinger says he respects ‚Äòskepticism‚Äô from investors as chipmaker‚Äôs struggles persist,65,https://www.reddit.com/r/wallstreetbets/comments/1f4dcxr/intel_ceo_gelsinger_says_he_respects_skepticism/,0.538,POSITIVE,0.706
08/29/2024,5 reasons I‚Äôm in nvda short,34,https://www.reddit.com/r/wallstreetbets/comments/1f44mwe/5_reasons_im_in_nvda_short/,0.499,POSITIVE,0.754
08/25/2024,"The AI Bubble is over, and Nvidia are going to eat shit on earnings",146,https://www.reddit.com/r/wallstreetbets/comments/1f125zr/the_ai_bubble_is_over_and_nvidia_are_going_to_eat/,0.599,NEGATIVE,1.0
08/21/2024,All-In on Tech: Why I Just Invested $2.1 Million in a Single ETF,1.4K,https://www.reddit.com/r/wallstreetbets/comments/1exv9ju/allin_on_tech_why_i_just_invested_21_million_in_a/,0.617,NEGATIVE,0.743
08/19/2024,Intel up TSMC down,24,https://www.reddit.com/r/wallstreetbets/comments/1ew4qft/intel_up_tsmc_down/,0.548,NEGATIVE,0.977
08/17/2024,Will the US Government Prop Up Intel?: A Short Thesis,60,https://www.reddit.com/r/wallstreetbets/comments/1euvn1g/will_the_us_government_prop_up_intel_a_short/,0.536,NEGATIVE,0.786
08/15/2024,Why NVDA will be $140+ by end of month,412,https://www.reddit.com/r/wallstreetbets/comments/1esnkj2/why_nvda_will_be_140_by_end_of_month/,0.542,NEGATIVE,0.851
08/15/2024,AST SpaceMobile (ASTS) Provides Business Update and Second Quarter 2024 Results,211,https://www.reddit.com/r/wallstreetbets/comments/1esjlhb/ast_spacemobile_asts_provides_business_update_and/,0.565,POSITIVE,0.943
08/09/2024,"TSMC Reports July 2024 Revenue: NT$256.95 Billion, Marking Significant Year-Over-Year Growth",26,https://www.reddit.com/r/wallstreetbets/comments/1ens689/tsmc_reports_july_2024_revenue_nt25695_billion/,0.66,POSITIVE,0.999
08/08/2024,"Weekly jobless claims fall to 233,000, less than expected, in a positive sign for labor market",16,https://www.reddit.com/r/wallstreetbets/comments/1enkmnd/weekly_jobless_claims_fall_to_233000_less_than/,0.541,NEGATIVE,0.617
08/05/2024,Nvidia Design Flaw is Actually an Improvement and Will Cause 2 Weeks of Delay and Will Catch-up in Q4,13,https://www.reddit.com/r/wallstreetbets/comments/1ekirp9/nvidia_design_flaw_is_actually_an_improvement_and/,0.529,NEGATIVE,1.0
08/05/2024,The Buffett Indicator. Is Warren Buffett correct this time round?,44,https://www.reddit.com/r/wallstreetbets/comments/1ekap73/the_buffett_indicator_is_warren_buffett_correct/,0.516,POSITIVE,0.702
08/03/2024,An alternative view to the NVDA report of issues.,37,https://www.reddit.com/r/wallstreetbets/comments/1ej4hhf/an_alternative_view_to_the_nvda_report_of_issues/,0.508,NEGATIVE,0.726
08/03/2024,$INTC - A dumb person's retrospective,74,https://www.reddit.com/r/wallstreetbets/comments/1ej04ru/intc_a_dumb_persons_retrospective/,0.501,NEGATIVE,0.999
08/02/2024,INTC 2026 Leap : Bull Case,50,https://www.reddit.com/r/wallstreetbets/comments/1eifepq/intc_2026_leap_bull_case/,0.501,POSITIVE,0.766
08/02/2024,"Intel heads for worst day on Wall Street in 50 years, falls to lowest price in over a decade...",679,https://www.reddit.com/r/wallstreetbets/comments/1eiewoy/intel_heads_for_worst_day_on_wall_street_in_50/,0.531,NEGATIVE,1.0
08/02/2024,"ARM and Qualcomm could be trillion-dollar companies by 2030, while Intel's only chance is to become a TSMC-style foundry on U.S. soil.",123,https://www.reddit.com/r/wallstreetbets/comments/1ei66yn/arm_and_qualcomm_could_be_trilliondollar/,0.519,NEGATIVE,0.932
07/18/2024,"TSMC Q2 profit rises 36%, better than forecast",42,https://www.reddit.com/r/wallstreetbets/comments/1e64ac3/tsmc_q2_profit_rises_36_better_than_forecast/,0.549,POSITIVE,0.992
07/18/2024,Brrrrrrrrrrr üí∏,229,https://www.reddit.com/r/wallstreetbets/comments/1e63zzm/brrrrrrrrrrr/,0.5,POSITIVE,0.62
07/17/2024,"Nvidia, ASML, and TSMC stocks are getting hammered",244,https://www.reddit.com/r/wallstreetbets/comments/1e5ofqq/nvidia_asml_and_tsmc_stocks_are_getting_hammered/,0.553,NEGATIVE,0.999
07/16/2024,"Intel is the only alternative to TSMC says Northland, sees 100% upside potential",260,https://www.reddit.com/r/wallstreetbets/comments/1e4s9jn/intel_is_the_only_alternative_to_tsmc_says/,0.536,NEGATIVE,0.877
07/15/2024,"NVDA Raises TSMC Orders by 25%, GB200 Demand Estimates Increase by 50%",204,https://www.reddit.com/r/wallstreetbets/comments/1e3k4jh/nvda_raises_tsmc_orders_by_25_gb200_demand/,0.576,NEGATIVE,0.771
07/10/2024,"TSMC Records Best June Sales Ever Amidst AI Boom, with Nvidia, Micron, and AI Chips Poised to Benefit Again",17,https://www.reddit.com/r/wallstreetbets/comments/1e0644n/tsmc_records_best_june_sales_ever_amidst_ai_boom/,0.596,POSITIVE,0.997
07/10/2024,TSMC shares: AI boom reshapes Wall Street as TSMC joins trillion-dollar club,1,https://www.reddit.com/r/wallstreetbets/comments/1dzo75t/tsmc_shares_ai_boom_reshapes_wall_street_as_tsmc/,0.532,POSITIVE,0.977
06/29/2024,Calls on INTC & Puts on NVDA,41,https://www.reddit.com/r/wallstreetbets/comments/1drle90/calls_on_intc_puts_on_nvda/,0.504,POSITIVE,0.523
06/27/2024,Nvidia: The only problem you're gonna have is that you didn't sell more.,66,https://www.reddit.com/r/wallstreetbets/comments/1dpj3vj/nvidia_the_only_problem_youre_gonna_have_is_that/,0.536,POSITIVE,0.667
06/27/2024,It is all been about insane expectations,61,https://www.reddit.com/r/wallstreetbets/comments/1dpfhzw/it_is_all_been_about_insane_expectations/,0.515,NEGATIVE,0.998
06/27/2024,"Expect Nvidia to Deliver More Cash to Shareholders, says Melius‚Äô Ben Reitzes",90,https://www.reddit.com/r/wallstreetbets/comments/1dpekqb/expect_nvidia_to_deliver_more_cash_to/,0.55,NEGATIVE,0.974
06/26/2024,Why Intel is the most undervalued tech stock right now.,1.3K,https://www.reddit.com/r/wallstreetbets/comments/1dowoqn/why_intel_is_the_most_undervalued_tech_stock/,0.622,NEGATIVE,0.998
06/25/2024,INTC and AMD,39,https://www.reddit.com/r/wallstreetbets/comments/1dobwi4/intc_and_amd/,0.74,POSITIVE,0.582
06/24/2024,"TSMC Outlook Improves on Possible Price Hike, and Incremental AI PC and Datacenter Demand $214 fair value estimate",16,https://www.reddit.com/r/wallstreetbets/comments/1dnecgb/tsmc_outlook_improves_on_possible_price_hike_and/,0.536,POSITIVE,0.991
06/22/2024,Y‚Äôall need religion,175,https://www.reddit.com/r/wallstreetbets/comments/1dlu4su/yall_need_religion/,0.497,POSITIVE,0.892
06/20/2024,"Intels new CPUs supplied from TSMC in 2024, TSMC keeps supplying all major processor producers",49,https://www.reddit.com/r/wallstreetbets/comments/1dk58ah/intels_new_cpus_supplied_from_tsmc_in_2024_tsmc/,0.54,POSITIVE,0.996
06/17/2024,"NVDA, point of view of someone who has a a fairly large stake in it.",168,https://www.reddit.com/r/wallstreetbets/comments/1dhq1as/nvda_point_of_view_of_someone_who_has_a_a_fairly/,0.513,NEGATIVE,0.991
06/16/2024,What people are missing about NVDA,629,https://www.reddit.com/r/wallstreetbets/comments/1dhkx4w/what_people_are_missing_about_nvda/,0.49,NEGATIVE,0.774
06/14/2024,Intel DD,44,https://www.reddit.com/r/wallstreetbets/comments/1dfyvdi/intel_dd/,0.562,POSITIVE,0.996
06/13/2024,Why I am going long on Intel and letting Bad Daddy Gelsinger take me to Uranus - DD TurboNerd Post,61,https://www.reddit.com/r/wallstreetbets/comments/1dfdf5l/why_i_am_going_long_on_intel_and_letting_bad/,0.525,POSITIVE,0.553
06/13/2024,TSMC Gains,6,https://www.reddit.com/r/wallstreetbets/comments/1depvc0/tsmc_gains/,0.508,POSITIVE,0.996
06/11/2024,What are nVidia's current risks?,70,https://www.reddit.com/r/wallstreetbets/comments/1ddomac/what_are_nvidias_current_risks/,0.575,NEGATIVE,0.989
06/10/2024,I‚Äôm long on Intel and here‚Äôs why.,372,https://www.reddit.com/r/wallstreetbets/comments/1dcn1v2/im_long_on_intel_and_heres_why/,0.556,POSITIVE,0.843
06/07/2024,TSM | Strong numbers for May 2024. Slow & steady please! No need for any Auti$m posts please.,12,https://www.reddit.com/r/wallstreetbets/comments/1da3nmm/tsm_strong_numbers_for_may_2024_slow_steady/,0.552,POSITIVE,0.961
06/05/2024,Fast-track your retirement with ASTS (AST Spacemobile),289,https://www.reddit.com/r/wallstreetbets/comments/1d8rd3i/fasttrack_your_retirement_with_asts_ast/,0.502,POSITIVE,0.996
05/30/2024,hilarious,8,https://www.reddit.com/r/wallstreetbets/comments/1d4efsm/hilarious/,0.5,POSITIVE,0.999
05/29/2024,Posted this here 5 days ago. Got 6 likes. Up 116% since.,227,https://www.reddit.com/r/wallstreetbets/comments/1d3m8ew/posted_this_here_5_days_ago_got_6_likes_up_116/,0.513,POSITIVE,0.962
05/28/2024,TSMC‚Äôs EUV machines are equipped with a remote self-destruct in case China invades,170,https://www.reddit.com/r/wallstreetbets/comments/1d27ooq/tsmcs_euv_machines_are_equipped_with_a_remote/,0.512,POSITIVE,0.99
05/25/2024,"Apple reportedly seeks to lock out its competitors from TSMC's 2nm process, by booking all of its manufacturing capacity",235,https://www.reddit.com/r/wallstreetbets/comments/1d0kpmc/apple_reportedly_seeks_to_lock_out_its/,0.523,NEGATIVE,0.999
05/24/2024,How long until Intel becomes a meme stock?,452,https://www.reddit.com/r/wallstreetbets/comments/1czoivs/how_long_until_intel_becomes_a_meme_stock/,0.631,NEGATIVE,0.998
05/23/2024,AAPL above 200!!!,51,https://www.reddit.com/r/wallstreetbets/comments/1cyrjd1/aapl_above_200/,0.51,POSITIVE,0.986
05/18/2024,There will be a redistribution of money in the Tech sector and then back again,27,https://www.reddit.com/r/wallstreetbets/comments/1cuwket/there_will_be_a_redistribution_of_money_in_the/,0.53,NEGATIVE,0.997
05/16/2024,Explosion at chip factory for NVDA. Is this going to hurt tomorrow?,44,https://www.reddit.com/r/wallstreetbets/comments/1ct4in9/explosion_at_chip_factory_for_nvda_is_this_going/,0.514,NEGATIVE,0.996
05/10/2024,TSM up overnight - AI sales growth up in April,17,https://www.reddit.com/r/wallstreetbets/comments/1coj3s7/tsm_up_overnight_ai_sales_growth_up_in_april/,0.668,POSITIVE,0.977
05/10/2024,"TSMC Revenue Jumped Over 60% YoY in April 2024. TSMC (Taiwan Semiconductor) makes all the chips for Nvidia, Apple, AMD, among others",42,https://www.reddit.com/r/wallstreetbets/comments/1coiyti/tsmc_revenue_jumped_over_60_yoy_in_april_2024/,0.56,POSITIVE,0.82
05/09/2024,INTC Outlook and Marketcap vs Assets,38,https://www.reddit.com/r/wallstreetbets/comments/1cnx1t9/intc_outlook_and_marketcap_vs_assets/,0.515,POSITIVE,0.899
05/08/2024,NVDA Will Fall Then Soar: The Guide to Earnings,165,https://www.reddit.com/r/wallstreetbets/comments/1cniy8t/nvda_will_fall_then_soar_the_guide_to_earnings/,0.535,POSITIVE,0.867
05/08/2024,Morgan Stanley hikes Price Target on Arm Artificial Intelligence CPU boost,6,https://www.reddit.com/r/wallstreetbets/comments/1cmuqp4/morgan_stanley_hikes_price_target_on_arm/,0.524,NEGATIVE,0.999
04/25/2024,"TSMC says 'A16' chipmaking tech to arrive in 2026, setting up showdown with Intel",39,https://www.reddit.com/r/wallstreetbets/comments/1ccue0v/tsmc_says_a16_chipmaking_tech_to_arrive_in_2026/,0.532,POSITIVE,0.745
04/18/2024,TSMC Earnings Beat Expectations. AI Chips Are in Demand.,173,https://www.reddit.com/r/wallstreetbets/comments/1c6yxx8/tsmc_earnings_beat_expectations_ai_chips_are_in/,0.591,POSITIVE,0.996
04/18/2024,"TSMC's first quarter profit rises 9%, beats forecasts",25,https://www.reddit.com/r/wallstreetbets/comments/1c6xbhm/tsmcs_first_quarter_profit_rises_9_beats_forecasts/,0.56,POSITIVE,0.978
04/18/2024,Even the feds couldn‚Äôt stop TSM from mooning üöÄ. Hope my calls starting printing now.,188,https://www.reddit.com/r/wallstreetbets/comments/1c6vww2/even_the_feds_couldnt_stop_tsm_from_mooning_hope/,0.5,POSITIVE,0.986
04/17/2024,NVDA & SMCI : why big drop today?,84,https://www.reddit.com/r/wallstreetbets/comments/1c6bi8h/nvda_smci_why_big_drop_today/,0.535,NEGATIVE,0.793
04/16/2024,"Demand for NVIDIA‚Äôs Blackwell Platform Expected to Boost TSMC‚Äôs CoWoS Total Capacity by Over 150% in 2024, Says TrendForce",20,https://www.reddit.com/r/wallstreetbets/comments/1c5s3qf/demand_for_nvidias_blackwell_platform_expected_to/,0.536,POSITIVE,0.984
04/10/2024,"$TSM : Highly Regarded , Highly Profitable DD",90,https://www.reddit.com/r/wallstreetbets/comments/1c0x03t/tsm_highly_regarded_highly_profitable_dd/,0.512,POSITIVE,0.999
04/10/2024,TSM Beats By A Lot,24,https://www.reddit.com/r/wallstreetbets/comments/1c0fwu4/tsm_beats_by_a_lot/,0.507,POSITIVE,0.998
04/10/2024,TSMC Q1 revenue rise beats market expections,6,https://www.reddit.com/r/wallstreetbets/comments/1c0fsxm/tsmc_q1_revenue_rise_beats_market_expections/,0.56,POSITIVE,0.985
04/10/2024,An Overview of the Semiconductor Industry: a more in depth breakdown,2,https://www.reddit.com/r/wallstreetbets/comments/1c0flry/an_overview_of_the_semiconductor_industry_a_more/,0.523,POSITIVE,0.998
04/10/2024,Semiconductor Titans Visualized: a chain of semiconductor chip companies,10,https://www.reddit.com/r/wallstreetbets/comments/1c0fhna/semiconductor_titans_visualized_a_chain_of/,0.545,POSITIVE,0.998
04/10/2024,TSM March 2024 Revenue Report,69,https://www.reddit.com/r/wallstreetbets/comments/1c0e390/tsm_march_2024_revenue_report/,0.521,NEGATIVE,0.894
04/09/2024,Investor Sentiment,76,https://www.reddit.com/r/wallstreetbets/comments/1bzup4w/investor_sentiment/,0.512,POSITIVE,0.993
04/09/2024,META Puts ($35K profit) into TSM Calls,57,https://www.reddit.com/r/wallstreetbets/comments/1bzjxxz/meta_puts_35k_profit_into_tsm_calls/,0.532,NEGATIVE,0.886
04/08/2024,TSMC gets $6.6 billion in chipmaking cash from Biden while pledging to build a third Arizona plant,330,https://www.reddit.com/r/wallstreetbets/comments/1bytdxe/tsmc_gets_66_billion_in_chipmaking_cash_from/,0.522,NEGATIVE,0.927
04/05/2024,TSM chips are an 'essential building block' for AI: CIO,64,https://www.reddit.com/r/wallstreetbets/comments/1bwril3/tsm_chips_are_an_essential_building_block_for_ai/,0.548,POSITIVE,1.0
04/04/2024,Earthquake in Taiwan may increase profitability for chipmakers,27,https://www.reddit.com/r/wallstreetbets/comments/1bvgi4c/earthquake_in_taiwan_may_increase_profitability/,0.582,NEGATIVE,0.942
04/03/2024,Official TSM statement on earthquake,115,https://www.reddit.com/r/wallstreetbets/comments/1buy0eu/official_tsm_statement_on_earthquake/,0.509,POSITIVE,0.894
04/03/2024,7.4 magnitude earthquake hits Taiwan. TSM,152,https://www.reddit.com/r/wallstreetbets/comments/1bukggc/74_magnitude_earthquake_hits_taiwan_tsm/,0.504,NEGATIVE,0.894
04/03/2024,TSMC Earthquake DD,60,https://www.reddit.com/r/wallstreetbets/comments/1bujcwl/tsmc_earthquake_dd/,0.507,NEGATIVE,0.892
04/03/2024,Massive earthquake hits Taiwan -,122,https://www.reddit.com/r/wallstreetbets/comments/1buhh3a/massive_earthquake_hits_taiwan/,0.504,NEGATIVE,0.904
04/02/2024,$INTC as serious AI inference play,54,https://www.reddit.com/r/wallstreetbets/comments/1bu9xzl/intc_as_serious_ai_inference_play/,0.559,NEGATIVE,0.899
03/27/2024,ASML: the Next stock in the AI market move,36,https://www.reddit.com/r/wallstreetbets/comments/1bpe7px/asml_the_next_stock_in_the_ai_market_move/,0.682,POSITIVE,0.832
03/26/2024,MU will eventually become the NVDIA of AI solid state memory.. specially for mobile..data centers...etc....,93,https://www.reddit.com/r/wallstreetbets/comments/1bocsjq/mu_will_eventually_become_the_nvdia_of_ai_solid/,0.546,POSITIVE,1.0
03/26/2024,Bullish on Applied Materials Ticker: AMAT,39,https://www.reddit.com/r/wallstreetbets/comments/1bo8ef3/bullish_on_applied_materials_ticker_amat/,0.507,NEGATIVE,1.0
03/19/2024,Blackwell Super Ai Chip,22,https://www.reddit.com/r/wallstreetbets/comments/1bicj0h/blackwell_super_ai_chip/,0.585,POSITIVE,0.998
03/16/2024,TSM FTW,30,https://www.reddit.com/r/wallstreetbets/comments/1bgh2nl/tsm_ftw/,0.502,NEGATIVE,0.895
03/15/2024,NVIDIA Collaborates with Intel to Address AI Chip Supply Constraints,10,https://www.reddit.com/r/wallstreetbets/comments/1bfo21k/nvidia_collaborates_with_intel_to_address_ai_chip/,0.597,POSITIVE,0.993
03/15/2024,Breaking down the TSM posts,148,https://www.reddit.com/r/wallstreetbets/comments/1bf2we8/breaking_down_the_tsm_posts/,0.505,NEGATIVE,0.88
03/14/2024,ARM Still Stands After Lockup Expiry - Stories From the Battlefield - Barron's Endorses DD - We're Not Ready For What Comes Next In Robotics,61,https://www.reddit.com/r/wallstreetbets/comments/1beudy7/arm_still_stands_after_lockup_expiry_stories_from/,0.517,NEGATIVE,1.0
03/14/2024,"Next generation of chips, NVDA vs AMD, looks bad for NVDA",410,https://www.reddit.com/r/wallstreetbets/comments/1bescke/next_generation_of_chips_nvda_vs_amd_looks_bad/,0.577,NEGATIVE,1.0
03/12/2024,The only Intel analysis you will ever need,85,https://www.reddit.com/r/wallstreetbets/comments/1bdavcq/the_only_intel_analysis_you_will_ever_need/,0.535,POSITIVE,0.999
03/12/2024,Intel can‚Äôt even make their own chips this bodes well for TSMC,362,https://www.reddit.com/r/wallstreetbets/comments/1bcz3cz/intel_cant_even_make_their_own_chips_this_bodes/,0.532,NEGATIVE,0.899
03/11/2024,Intel to use TSMC chips for upcoming Arrow Lake generation,33,https://www.reddit.com/r/wallstreetbets/comments/1bcbcv7/intel_to_use_tsmc_chips_for_upcoming_arrow_lake/,0.529,POSITIVE,0.997
03/09/2024,What you should know before investing in TSMC,423,https://www.reddit.com/r/wallstreetbets/comments/1baoyvw/what_you_should_know_before_investing_in_tsmc/,0.532,POSITIVE,0.553
03/09/2024,Discussion: Why red today ?,119,https://www.reddit.com/r/wallstreetbets/comments/1ba89bg/discussion_why_red_today/,0.553,NEGATIVE,0.918
03/08/2024,TSM to win more than $5 billion in funding from the US.,305,https://www.reddit.com/r/wallstreetbets/comments/1b9u52m/tsm_to_win_more_than_5_billion_in_funding_from/,0.543,POSITIVE,0.991
03/08/2024,TSMC to win more than 5B in grants from US GOV,2,https://www.reddit.com/r/wallstreetbets/comments/1b9u4s1/tsmc_to_win_more_than_5b_in_grants_from_us_gov/,0.523,POSITIVE,0.991
03/08/2024,NVDA & TSM thanks daddies,10,https://www.reddit.com/r/wallstreetbets/comments/1b9r99y/nvda_tsm_thanks_daddies/,0.508,POSITIVE,0.995
03/08/2024,AI Discussion,6,https://www.reddit.com/r/wallstreetbets/comments/1b9o7fy/ai_discussion/,0.638,NEGATIVE,0.999
03/08/2024,"If this is an AI bubble, then there is a lot of money to be made.",435,https://www.reddit.com/r/wallstreetbets/comments/1b9m1qz/if_this_is_an_ai_bubble_then_there_is_a_lot_of/,0.564,NEGATIVE,0.998
03/08/2024,TSMC Sales Grow 9.4% with huge projections from AI growth turnaround,18,https://www.reddit.com/r/wallstreetbets/comments/1b9jb45/tsmc_sales_grow_94_with_huge_projections_from_ai/,0.629,POSITIVE,0.941
03/08/2024,TSM February revenue up 9.4%,85,https://www.reddit.com/r/wallstreetbets/comments/1b9h4w4/tsm_february_revenue_up_94/,0.545,POSITIVE,0.884
03/07/2024,"Marvell Technologies (MRVL) gains, diamond hands",103,https://www.reddit.com/r/wallstreetbets/comments/1b92fg4/marvell_technologies_mrvl_gains_diamond_hands/,0.505,POSITIVE,0.999
03/07/2024,Hello BUBBLE heads,56,https://www.reddit.com/r/wallstreetbets/comments/1b8tl5z/hello_bubble_heads/,0.503,POSITIVE,0.991
03/03/2024,Question for INTC bulls,71,https://www.reddit.com/r/wallstreetbets/comments/1b5h1p3/question_for_intc_bulls/,0.505,NEGATIVE,0.91
03/02/2024,The spice must flow üöÄüìà,92,https://www.reddit.com/r/wallstreetbets/comments/1b4wlzs/the_spice_must_flow/,0.515,POSITIVE,0.964
03/01/2024,Microchip/semiconductor manufacturing in the US,17,https://www.reddit.com/r/wallstreetbets/comments/1b3nfog/microchipsemiconductor_manufacturing_in_the_us/,0.549,POSITIVE,0.983
03/01/2024,Intel will spend $14 billion on manufacturing its new chips at TSMC: Report,371,https://www.reddit.com/r/wallstreetbets/comments/1b3j3vl/intel_will_spend_14_billion_on_manufacturing_its/,0.585,NEGATIVE,0.718
02/23/2024,"Taiwan Semi Conductor! (TSM) Low IV, News and Gains, LEAPS",21,https://www.reddit.com/r/wallstreetbets/comments/1ay8zjg/taiwan_semi_conductor_tsm_low_iv_news_and_gains/,0.514,POSITIVE,0.997
02/23/2024,Dear NVDA bears,20,https://www.reddit.com/r/wallstreetbets/comments/1axxbo3/dear_nvda_bears/,0.5,POSITIVE,0.993
02/22/2024,AMKOR ‚Äì AMKR ‚Äì Is an absolute bargain at today‚Äôs price and is an AI boom stock for the future,40,https://www.reddit.com/r/wallstreetbets/comments/1axfo1r/amkor_amkr_is_an_absolute_bargain_at_todays_price/,0.583,POSITIVE,0.998
02/22/2024,The market is pricing in more growth for Microsoft than Nvidia,38,https://www.reddit.com/r/wallstreetbets/comments/1awscmj/the_market_is_pricing_in_more_growth_for/,0.641,NEGATIVE,0.635
02/22/2024,Nvidia has less growth prospects than Microsoft.,61,https://www.reddit.com/r/wallstreetbets/comments/1awrurd/nvidia_has_less_growth_prospects_than_microsoft/,0.585,NEGATIVE,1.0
02/21/2024,UMC - Potential Nvidia partnership and production boost,8,https://www.reddit.com/r/wallstreetbets/comments/1awn8fi/umc_potential_nvidia_partnership_and_production/,0.547,POSITIVE,0.999
02/21/2024,"Intel‚Äôs Gaudi 3 beats Nvidia‚Äôs H100 chip, huge potential",38,https://www.reddit.com/r/wallstreetbets/comments/1aw74xf/intels_gaudi_3_beats_nvidias_h100_chip_huge/,0.515,POSITIVE,0.999
02/18/2024,TSMC is ready to take us to tendietown #ChipWars,132,https://www.reddit.com/r/wallstreetbets/comments/1atto5w/tsmc_is_ready_to_take_us_to_tendietown_chipwars/,0.519,POSITIVE,0.998
02/16/2024,Ultimate Nvidia DD (The Best),27,https://www.reddit.com/r/wallstreetbets/comments/1asejqq/ultimate_nvidia_dd_the_best/,0.576,POSITIVE,1.0
02/15/2024,Why its time for $QCOM,28,https://www.reddit.com/r/wallstreetbets/comments/1arcdvv/why_its_time_for_qcom/,0.542,NEGATIVE,0.98
02/15/2024,UK Recession Official! It is probably priced in though.,60,https://www.reddit.com/r/wallstreetbets/comments/1ar9rpt/uk_recession_official_it_is_probably_priced_in/,0.513,NEGATIVE,0.919
02/15/2024,Here‚Äôs why there‚Äôs a semiconductor bubble forming.,80,https://www.reddit.com/r/wallstreetbets/comments/1ar3446/heres_why_theres_a_semiconductor_bubble_forming/,0.507,NEGATIVE,0.997
02/14/2024,Apple and chipset firm valuations,5,https://www.reddit.com/r/wallstreetbets/comments/1aqtbg6/apple_and_chipset_firm_valuations/,0.521,POSITIVE,0.97
02/10/2024,What do you guys think of NVIDIA earnings?,161,https://www.reddit.com/r/wallstreetbets/comments/1an3axz/what_do_you_guys_think_of_nvidia_earnings/,0.6,NEGATIVE,0.95
02/08/2024,Why is this sub SLEEPING on TSMC?,39,https://www.reddit.com/r/wallstreetbets/comments/1am2slg/why_is_this_sub_sleeping_on_tsmc/,0.498,NEGATIVE,1.0
02/07/2024,ARM - Calls before earnings tomorrow 2/7?,121,https://www.reddit.com/r/wallstreetbets/comments/1akux01/arm_calls_before_earnings_tomorrow_27/,0.566,NEGATIVE,0.999
02/06/2024,Nvidia is now a national security risk.,588,https://www.reddit.com/r/wallstreetbets/comments/1ak0ma0/nvidia_is_now_a_national_security_risk/,0.555,NEGATIVE,0.973
01/25/2024,$INTC Earnings Thread,51,https://www.reddit.com/r/wallstreetbets/comments/19fjxxd/intc_earnings_thread/,0.575,NEGATIVE,0.816
01/18/2024,Why I don't think NVDA party gonna last,71,https://www.reddit.com/r/wallstreetbets/comments/199wyj4/why_i_dont_think_nvda_party_gonna_last/,0.529,NEGATIVE,0.913
01/18/2024,22B and a Bubble on the way? AMD,14,https://www.reddit.com/r/wallstreetbets/comments/199f5t8/22b_and_a_bubble_on_the_way_amd/,0.626,NEGATIVE,0.999
01/10/2024,You know your economy isn‚Äôt doing so good when you include TSMC as your no.1 company by capitalisation.,334,https://www.reddit.com/r/wallstreetbets/comments/193b6tl/you_know_your_economy_isnt_doing_so_good_when_you/,0.614,NEGATIVE,0.508
10/06/2023,TSMC September 2023 Revenue Report,3,https://www.reddit.com/r/wallstreetbets/comments/171fx66/tsmc_september_2023_revenue_report/,0.544,NEGATIVE,0.953
09/22/2023,Buy ASML,27,https://www.reddit.com/r/wallstreetbets/comments/16pcjhj/buy_asml/,0.61,NEGATIVE,0.751
09/17/2023,Intel to The MOON!!! Discussion,79,https://www.reddit.com/r/wallstreetbets/comments/16l3j01/intel_to_the_moon_discussion/,0.54,POSITIVE,0.809
09/13/2023,My current Taiwan Invasion Fund.,168,https://www.reddit.com/r/wallstreetbets/comments/16h8voz/my_current_taiwan_invasion_fund/,0.515,POSITIVE,0.987
09/07/2023,Why you should yolo your life savings on intel,123,https://www.reddit.com/r/wallstreetbets/comments/16cn6uj/why_you_should_yolo_your_life_savings_on_intel/,0.551,NEGATIVE,1.0
08/30/2023,Applied Materials Predicts Economic Boom üöÄ,22,https://www.reddit.com/r/wallstreetbets/comments/16565l9/applied_materials_predicts_economic_boom/,0.514,POSITIVE,0.861
08/17/2023,Sell NVDA,295,https://www.reddit.com/r/wallstreetbets/comments/15u2qq4/sell_nvda/,0.52,NEGATIVE,0.982
07/20/2023,So with both ASML and TSM(C) earnings/calls complete how do we feel for the future of AI/semi-conductor chips sentiment?,10,https://www.reddit.com/r/wallstreetbets/comments/154qamj/so_with_both_asml_and_tsmc_earningscalls_complete/,0.548,NEGATIVE,0.999
07/20/2023,TSM earnings call,21,https://www.reddit.com/r/wallstreetbets/comments/154k68w/tsm_earnings_call/,0.58,NEGATIVE,0.69
07/19/2023,AAPL and our Future Sino-Asian Overlords,7,https://www.reddit.com/r/wallstreetbets/comments/153zdgy/aapl_and_our_future_sinoasian_overlords/,0.513,POSITIVE,0.996
07/17/2023,"$TSM is extremely undervalued and overlooked, especially with AI",87,https://www.reddit.com/r/wallstreetbets/comments/152aiew/tsm_is_extremely_undervalued_and_overlooked/,0.55,NEGATIVE,0.998
07/14/2023,"Most Anticipated Earnings Releases for the week beginning July 17th, 2023",864,https://www.reddit.com/r/wallstreetbets/comments/14zgmem/most_anticipated_earnings_releases_for_the_week/,0.571,POSITIVE,0.968
07/05/2023,100k of call options on some potato chip factory and a reverse viagra company. Degenerate plays are #poweredbypltr gains,35,https://www.reddit.com/r/wallstreetbets/comments/14rqcl4/100k_of_call_options_on_some_potato_chip_factory/,0.567,NEGATIVE,0.986
07/04/2023,The only reason I will never touch TSMC,316,https://www.reddit.com/r/wallstreetbets/comments/14qbv81/the_only_reason_i_will_never_touch_tsmc/,0.498,NEGATIVE,0.989
07/01/2023,Maybe Time to Short TSMC,14,https://www.reddit.com/r/wallstreetbets/comments/14ngi3t/maybe_time_to_short_tsmc/,0.515,NEGATIVE,1.0
06/21/2023,NVIDIA partner ASML: To the Moon,67,https://www.reddit.com/r/wallstreetbets/comments/14f84hz/nvidia_partner_asml_to_the_moon/,0.561,POSITIVE,0.994
06/19/2023,What Recession? The Wall St China Trap and your money,37,https://www.reddit.com/r/wallstreetbets/comments/14dohtz/what_recession_the_wall_st_china_trap_and_your/,0.537,NEGATIVE,0.999
06/13/2023,"TSMC's Advanced Packaging Struggles: Nvidia Devours Capacity, AMD Joins the Chase",10,https://www.reddit.com/r/wallstreetbets/comments/148lov9/tsmcs_advanced_packaging_struggles_nvidia_devours/,0.582,NEGATIVE,0.983
06/04/2023,Prove me Wrong: Intel is Criminally Undervalued AI and Geopolitics Play INTC,171,https://www.reddit.com/r/wallstreetbets/comments/1402a71/prove_me_wrong_intel_is_criminally_undervalued_ai/,0.543,NEGATIVE,0.987
05/20/2023,"INTC vs AMD: Benchmark, Price Target Range, Deep analysis & Fundamentals",20,https://www.reddit.com/r/wallstreetbets/comments/13nb8mh/intc_vs_amd_benchmark_price_target_range_deep/,0.568,POSITIVE,0.999
05/18/2023,DD: NVDA to $700 by this time next year,117,https://www.reddit.com/r/wallstreetbets/comments/13lb98n/dd_nvda_to_700_by_this_time_next_year/,0.671,NEGATIVE,0.994
05/16/2023,"Warren Buffett completely sells his TSMC stake, largest chip producer for Apple phones",58,https://www.reddit.com/r/wallstreetbets/comments/13jj3iu/warren_buffett_completely_sells_his_tsmc_stake/,0.526,NEGATIVE,0.992
05/11/2023,It Takes Tinfoil to Make Tendies Part 1: $ECL üíß + üíª,167,https://www.reddit.com/r/wallstreetbets/comments/13ewahu/it_takes_tinfoil_to_make_tendies_part_1_ecl/,0.511,NEGATIVE,0.616
05/09/2023,"China, Taiwan, Semiconductors, and Intel",38,https://www.reddit.com/r/wallstreetbets/comments/13d7orp/china_taiwan_semiconductors_and_intel/,0.547,POSITIVE,0.842
04/25/2023,"The upcoming slowdown in chips -- not potato chips, but semiconductor chips you regard",19,https://www.reddit.com/r/wallstreetbets/comments/12ytiiq/the_upcoming_slowdown_in_chips_not_potato_chips/,0.513,NEGATIVE,0.979
04/20/2023,NVDA bulls are delusional,84,https://www.reddit.com/r/wallstreetbets/comments/12tihwl/nvda_bulls_are_delusional/,0.503,NEGATIVE,0.999
04/20/2023,EarningsGPT: This Week Earnings Releases and Reactions Summary by ChatGPT,12,https://www.reddit.com/r/wallstreetbets/comments/12tdkcd/earningsgpt_this_week_earnings_releases_and/,0.558,NEGATIVE,0.779
04/16/2023,Market cap of top #20 assets. Which one to long and which one to short?,184,https://www.reddit.com/r/wallstreetbets/comments/12ooqj6/market_cap_of_top_20_assets_which_one_to_long_and/,0.573,POSITIVE,0.996
04/14/2023,Is this the treat on a booby trap?,9,https://www.reddit.com/r/wallstreetbets/comments/12m9e4q/is_this_the_treat_on_a_booby_trap/,0.5,POSITIVE,0.913
04/13/2023,cny and BRICS forex trading,25,https://www.reddit.com/r/wallstreetbets/comments/12kgq3v/cny_and_brics_forex_trading/,0.511,NEGATIVE,0.86
04/12/2023,Warren Buffett says the unusually quick sale of Berkshire Hathaway's TSMC stake was driven by geopolitical tensions,74,https://www.reddit.com/r/wallstreetbets/comments/12jj7go/warren_buffett_says_the_unusually_quick_sale_of/,0.519,NEGATIVE,0.992
04/10/2023,Daily Market Recap,10,https://www.reddit.com/r/wallstreetbets/comments/12hxgkl/daily_market_recap/,0.59,POSITIVE,0.836
03/23/2023,Addressing Semiconductor Supply Chain Risks - Time to Diversify?,9,https://www.reddit.com/r/wallstreetbets/comments/11zgtno/addressing_semiconductor_supply_chain_risks_time/,0.548,NEGATIVE,0.771
03/22/2023,"Nvidia released a new ""nuclear bomb"", Google chatbot is also coming, computing power stocks again on the tide of halt",14,https://www.reddit.com/r/wallstreetbets/comments/11y6xs5/nvidia_released_a_new_nuclear_bomb_google_chatbot/,0.568,NEGATIVE,0.966
02/12/2023,"Ride the AI Roller Coaster to Strike Gold: Invest in NVIDIA, ASML, and TSMC and step into the future.",176,https://www.reddit.com/r/wallstreetbets/comments/110mkdo/ride_the_ai_roller_coaster_to_strike_gold_invest/,0.545,POSITIVE,0.999
02/06/2023,"Third-Largest U.S. Pension Sells Alibaba, TSMC, and MGM Stock.",11,https://www.reddit.com/r/wallstreetbets/comments/10uxml7/thirdlargest_us_pension_sells_alibaba_tsmc_and/,0.557,POSITIVE,0.843
02/03/2023,Thoughts on TSMC,13,https://www.reddit.com/r/wallstreetbets/comments/10s5vec/thoughts_on_tsmc/,0.508,POSITIVE,0.999
01/13/2023,"Stock Market Today (as of Jan 13th, 2023)",5,https://www.reddit.com/r/wallstreetbets/comments/10aplj8/stock_market_today_as_of_jan_13th_2023/,0.66,POSITIVE,0.796
01/12/2023,TSM (Taiwan Semiconductor Manufacturing Company) posts weak Q4 results - But still up 6.4%,7,https://www.reddit.com/r/wallstreetbets/comments/10a45lg/tsm_taiwan_semiconductor_manufacturing_company/,0.587,NEGATIVE,0.847
01/07/2023,"Most Anticipated Earnings Releases for the week beginning January 9th, 2023",175,https://www.reddit.com/r/wallstreetbets/comments/105pat9/most_anticipated_earnings_releases_for_the_week/,0.569,POSITIVE,0.968
12/27/2022,Let's talk chip stocks - what's still oversold and overbought in this macroeconomic shitshow.,103,https://www.reddit.com/r/wallstreetbets/comments/zwoinz/lets_talk_chip_stocks_whats_still_oversold_and/,0.524,NEGATIVE,1.0
12/06/2022,TSMC to up Arizona investment to $40 billion with second semiconductor chip plant,176,https://www.reddit.com/r/wallstreetbets/comments/ze7y92/tsmc_to_up_arizona_investment_to_40_billion_with/,0.552,POSITIVE,0.968
11/21/2022,Buffet trades positions - BYD for TSMC. Is it really at a buying point?,19,https://www.reddit.com/r/wallstreetbets/comments/z102te/buffet_trades_positions_byd_for_tsmc_is_it_really/,0.502,NEGATIVE,0.96
11/16/2022,"Warren Buffett Stocks: Berkshire Hathaway Bought 3 New Stocks In Q3, Sold These Others",11,https://www.reddit.com/r/wallstreetbets/comments/ywivo8/warren_buffett_stocks_berkshire_hathaway_bought_3/,0.568,POSITIVE,0.61
11/16/2022,Apple plans to source chips from Arizona plant that‚Äôs set to open in 2024: report,55,https://www.reddit.com/r/wallstreetbets/comments/ywhhzf/apple_plans_to_source_chips_from_arizona_plant/,0.532,NEGATIVE,0.831
11/15/2022,"Buffett may have invested in TSMC too early, analyst says, predicting the best time to buy",16,https://www.reddit.com/r/wallstreetbets/comments/yw5qi8/buffett_may_have_invested_in_tsmc_too_early/,0.556,NEGATIVE,0.779
11/15/2022,"Morning Highlights (as of Nov 15, 2022)",3,https://www.reddit.com/r/wallstreetbets/comments/yvzl0z/morning_highlights_as_of_nov_15_2022/,0.525,POSITIVE,0.98
11/15/2022,If Buffett is buying TSMC he is not anticipating a China-US war.,106,https://www.reddit.com/r/wallstreetbets/comments/yvj0qg/if_buffett_is_buying_tsmc_he_is_not_anticipating/,0.528,NEGATIVE,0.993
11/14/2022,"Market Weekly Recap: FAAMG, Chip, Software Sectors jumped heavily, coin market tumbled",7,https://www.reddit.com/r/wallstreetbets/comments/yv0gh7/market_weekly_recap_faamg_chip_software_sectors/,0.567,NEGATIVE,0.998
11/14/2022,(AMD) Advanced Micro Devices,65,https://www.reddit.com/r/wallstreetbets/comments/yutpvc/amd_advanced_micro_devices/,0.685,POSITIVE,0.999
10/23/2022,NVDA GPU prices are skyrocketing ...,37,https://www.reddit.com/r/wallstreetbets/comments/ybc8yp/nvda_gpu_prices_are_skyrocketing/,0.501,NEGATIVE,0.996
10/23/2022,U.S. China Semiconductor Restrictions Hit Chinese Startup and NVIDIA competitor Biren Technology,20,https://www.reddit.com/r/wallstreetbets/comments/yba2cd/us_china_semiconductor_restrictions_hit_chinese/,0.547,NEGATIVE,0.996
10/18/2022,ASML an underrated gem?,11,https://www.reddit.com/r/wallstreetbets/comments/y6zfxt/asml_an_underrated_gem/,0.507,POSITIVE,0.998
10/15/2022,Gameplan for when China invades Taiwan,47,https://www.reddit.com/r/wallstreetbets/comments/y4n1jw/gameplan_for_when_china_invades_taiwan/,0.521,POSITIVE,0.999
10/13/2022,Can it go any lower?,5,https://www.reddit.com/r/wallstreetbets/comments/y33dov/can_it_go_any_lower/,0.43,POSITIVE,0.997
10/11/2022,Semiconductor route wipes out $240 Billion from chipmakers - TSMC drops 8.3% and Samsung and Tokyo Electron also declined. Buying opportunity or too early due to an escalating US-China tech race?,85,https://www.reddit.com/r/wallstreetbets/comments/y154pi/semiconductor_route_wipes_out_240_billion_from/,0.524,NEGATIVE,1.0
10/10/2022,TSMC and Ukraine war conflict,7,https://www.reddit.com/r/wallstreetbets/comments/y0k2o3/tsmc_and_ukraine_war_conflict/,0.504,NEGATIVE,0.998
10/08/2022,Next weeks economic events and earnings. Will be fun to see how they move the markets,19,https://www.reddit.com/r/wallstreetbets/comments/xyz89g/next_weeks_economic_events_and_earnings_will_be/,0.557,POSITIVE,0.996
10/08/2022,"Most Anticipated Earnings Releases for the week beginning October 10th, 2022",310,https://www.reddit.com/r/wallstreetbets/comments/xyrnp0/most_anticipated_earnings_releases_for_the_week/,0.564,POSITIVE,0.965
09/22/2022,AMD or Intel,14,https://www.reddit.com/r/wallstreetbets/comments/xlgp8x/amd_or_intel/,0.788,POSITIVE,0.951
09/14/2022,Intel Has Never Been This Oversold (Not Financial Advice),95,https://www.reddit.com/r/wallstreetbets/comments/xe54vc/intel_has_never_been_this_oversold_not_financial/,0.539,NEGATIVE,0.991
09/04/2022,Apple is no longer the largest company in the world.,143,https://www.reddit.com/r/wallstreetbets/comments/x5jlio/apple_is_no_longer_the_largest_company_in_the/,0.693,NEGATIVE,0.994
08/14/2022,Call options exercised. Now I am exposed like butthole girl. #IAU,8,https://www.reddit.com/r/wallstreetbets/comments/wo4pc1/call_options_exercised_now_i_am_exposed_like/,0.503,NEGATIVE,0.978
08/02/2022,"Given tensions between China and Taiwan, how would a conflict change the semiconductor industry and which companies are best positioned to benefit from a disruption?",17,https://www.reddit.com/r/wallstreetbets/comments/weeuh6/given_tensions_between_china_and_taiwan_how_would/,0.534,NEGATIVE,0.984
07/26/2022,Bullish Argument for $INTC,28,https://www.reddit.com/r/wallstreetbets/comments/w8rwp9/bullish_argument_for_intc/,0.507,NEGATIVE,0.999
07/19/2022,Intel sucks nuts ü•ú,74,https://www.reddit.com/r/wallstreetbets/comments/w2fkas/intel_sucks_nuts/,0.525,NEGATIVE,1.0
07/19/2022,Paul Pelosi and why this sub is getting dumber by the day.,220,https://www.reddit.com/r/wallstreetbets/comments/w2f9dw/paul_pelosi_and_why_this_sub_is_getting_dumber_by/,0.508,NEGATIVE,1.0
06/11/2022,"Real talk: if the US is fucked, isn‚Äôt China BEYOND fucked as well?",683,https://www.reddit.com/r/wallstreetbets/comments/va24l2/real_talk_if_the_us_is_fucked_isnt_china_beyond/,0.534,NEGATIVE,0.971
05/16/2022,Harder Than a Rock for Materion Corporation ($MTRN),5,https://www.reddit.com/r/wallstreetbets/comments/ur1luy/harder_than_a_rock_for_materion_corporation_mtrn/,0.529,NEGATIVE,0.996
05/11/2022,Thoughts on the Chip Sector?,13,https://www.reddit.com/r/wallstreetbets/comments/uni8kt/thoughts_on_the_chip_sector/,0.54,NEGATIVE,0.897
12/07/2024,Nuclear Power Will Be Essential for Building out AI Data Centers,30,https://www.reddit.com/r/wallstreetbets/comments/1h90bls/nuclear_power_will_be_essential_for_building_out/,0.554,POSITIVE,0.984
12/07/2024,My thesis on INTC going into 2025,112,https://www.reddit.com/r/wallstreetbets/comments/1h8n76e/my_thesis_on_intc_going_into_2025/,0.518,POSITIVE,0.916
12/05/2024,"TSMC in talks with Nvidia for AI chip production in Arizona, sources say",24,https://www.reddit.com/r/wallstreetbets/comments/1h79whi/tsmc_in_talks_with_nvidia_for_ai_chip_production/,0.558,NEGATIVE,0.948
12/09/2024,$NVMI the final time I will post about this company then stfu,207,https://www.reddit.com/r/wallstreetbets/comments/1ha1xbu/nvmi_the_final_time_i_will_post_about_this/,0.642,NEGATIVE,1.0
12/08/2024,INTC and the new narrative: the return of Jedi?,153,https://www.reddit.com/r/wallstreetbets/comments/1h9l7em/intc_and_the_new_narrative_the_return_of_jedi/,0.587,NEGATIVE,0.555
12/10/2024,NVIDIA Positioned for Growth Amid AI Boom Fueled by TSMC's Strong Revenue,15,https://www.reddit.com/r/wallstreetbets/comments/1hb3ywu/nvidia_positioned_for_growth_amid_ai_boom_fueled/,0.588,POSITIVE,0.988
12/10/2024,TSMC Posts 34% Sales Growth in November on Sustained AI Demand,17,https://www.reddit.com/r/wallstreetbets/comments/1hawjfc/tsmc_posts_34_sales_growth_in_november_on/,0.637,POSITIVE,0.992
12/13/2024,"TSMC 2024 results solid, 2nm tech progressing well, AI business outlook closed",14,https://www.reddit.com/r/wallstreetbets/comments/1hditzk/tsmc_2024_results_solid_2nm_tech_progressing_well/,0.571,POSITIVE,0.974
